uuid,gt_entity_type,gt_entity_text
17af879e-9455-4dbc-b2bc-b2b1b849e805,1,VIDEO-ON-DEMAND CONTENT LICENSE AGREEMENT
17af879e-9455-4dbc-b2bc-b2b1b849e805,2,"Rogers Cable Communications Inc. (""Rogers""); EuroMedia Holdings Corp. (""Licensor"")"
17af879e-9455-4dbc-b2bc-b2b1b849e805,3,"Ontario, Canada"
e18e3862-8f3e-4c92-974d-b6ea8ac1ce35,1,CONTENT LICENSE AGREEMENT
e18e3862-8f3e-4c92-974d-b6ea8ac1ce35,2,"Beijing Sun Seven Stars Culture Development Limited (""Licensor""); YOU ON DEMAND HOLDINGS, INC (""Licensee"")"
e18e3862-8f3e-4c92-974d-b6ea8ac1ce35,3,New York
0facc77f-1d2a-4645-92d8-5abb5f88b6ce,1,CO-BRANDING AGREEMENT
0facc77f-1d2a-4645-92d8-5abb5f88b6ce,2,"WOMEN.COM NETWORKS, INC. (""Women.com""); EDIETS.COM, INC. (""eDiets"")"
0facc77f-1d2a-4645-92d8-5abb5f88b6ce,3,California
bf0ac73a-5111-4c4e-be78-931a3583ee07,1,ENDORSEMENT LICENSING AND CO-BRANDING AGREEMENT
bf0ac73a-5111-4c4e-be78-931a3583ee07,2,"Marine MP, LLC (“Lender”); Arnold Schwarzenegger (“Endorser”); Fitness Publications, Inc. (“Fitness”); Lender, Endorser and Fitness (“AS Parties”);  MusclePharm Corporation (""MusclePharm"" or ""Company"")"
bf0ac73a-5111-4c4e-be78-931a3583ee07,3,California
f26d687b-4863-4db5-86fc-06c09011ab6e,1,DEVELOPMENT AGREEMENT
f26d687b-4863-4db5-86fc-06c09011ab6e,2,"Howmedica Ostenonics Corp. (""Stryker""); Conformis, Inc. (""Conformis""); Stryker and Conformis (“Parties” and   individually as a “Party.”)"
f26d687b-4863-4db5-86fc-06c09011ab6e,3,New York
1bdc2e9d-4ce6-4614-afc2-a568a7a1d167,1,JOINT DEVELOPMENT AGREEMENT
1bdc2e9d-4ce6-4614-afc2-a568a7a1d167,2,"ExxonMobil Research and Engineering Company (“ExxonMobil”); FuelCell Energy, Inc. (“FCE”)"
1bdc2e9d-4ce6-4614-afc2-a568a7a1d167,3,New York
dc1f4a72-9b7b-4816-88a5-d6e84b7957e1,1,RECIPE DEVELOPMENT AGREEMENT
dc1f4a72-9b7b-4816-88a5-d6e84b7957e1,2,"Reed's, Inc. (""Reed's""); BC Marketing Concepts Inc., dba Full Sail Brewing Company (""Company"")"
dc1f4a72-9b7b-4816-88a5-d6e84b7957e1,3,New York
6905066f-d907-4758-8dda-fe8b02ee8bf7,1,Distributorship agreement
6905066f-d907-4758-8dda-fe8b02ee8bf7,2,"Signature Orthopaedics Pty Ltd; CPM Medical Consultants, LLC"
6905066f-d907-4758-8dda-fe8b02ee8bf7,3,Ohio
451238df-68cc-476e-9e0a-9182e44cdc60,1,ENDORSEMENT AGREEMENT
451238df-68cc-476e-9e0a-9182e44cdc60,2,"Eco Science Solutions, Inc (""ESSI""); Stephen Marley (""Talent"")"
451238df-68cc-476e-9e0a-9182e44cdc60,3,Michigan
5a3cd09e-df92-43cc-94f8-619c9b7e3d75,1,COLLABORATION & ENDORSEMENT AGREEMENT
5a3cd09e-df92-43cc-94f8-619c9b7e3d75,2,"The Naked Brands Group, Inc (""Naked""); Wade Enterprises, LLC (""Wade Enterprises""); f/s/o Dwayne Wade (""Athlete"" and together with Wade Enterprises (collectively, ""Wade""); Wade Enterprises, Athlete and togetherwith Naked, (“Party” and collectively, the “Parties”)"
5a3cd09e-df92-43cc-94f8-619c9b7e3d75,3,New York
202e98a5-2b2c-48ed-ae9f-b9a27dedf809,1,e-business Hosting Agreement
202e98a5-2b2c-48ed-ae9f-b9a27dedf809,2,"International Business Machines Corporation (""IBM”); The Quantum Group Inc. (""Customer"")"
202e98a5-2b2c-48ed-ae9f-b9a27dedf809,3,New York
d6fc3b5a-e407-4846-bba9-84c55a373321,1,"INTELLECTUAL PROPERTY AGREEMENT, d"
d6fc3b5a-e407-4846-bba9-84c55a373321,2,"NUANCE COMMUNICATIONS, INC (""Nuance""); CERENCE INC. (""SpinCo"")"
d6fc3b5a-e407-4846-bba9-84c55a373321,3,Delaware
ae2f0916-2139-4d74-8f15-c2bdb4f3fbca,1,MEDIA LICENSE AGREEMENT
ae2f0916-2139-4d74-8f15-c2bdb4f3fbca,2,"NATIONAL FOOTBALL MUSEUM, INC. d/b/a Pro Football Hall of Fame (""PFHOF""); HOF Village, LLC (""Village Media Company""); HOF Village, LLC (""HOFV"")"
ae2f0916-2139-4d74-8f15-c2bdb4f3fbca,3,Ohio
be053603-b091-4964-a2c4-2299c9e9373f,1,NON-EXCLUSIVE LICENSE AGREEMENT- FOR SALES
be053603-b091-4964-a2c4-2299c9e9373f,2,"The John Hopkins University (""JHU""); Virtuoso Surgical, Inc. (""Company"")"
be053603-b091-4964-a2c4-2299c9e9373f,3,Maryland
9d9c3e1f-1126-4779-b84c-f841a82753b3,1,Network Build and Maintenance Agreement 
9d9c3e1f-1126-4779-b84c-f841a82753b3,2,"Commnet Wireless, LLC (""Vendor""); AT&T Mobility LLC (""AT&T"") (""Party"" or in the plural as the ""Parties."")"
9d9c3e1f-1126-4779-b84c-f841a82753b3,3,New York
d221e02a-c220-4bab-b908-7da46861ea82,1,MASTER OPERATION AND MAINTENANCE AGREEMENT
d221e02a-c220-4bab-b908-7da46861ea82,2,"BLOOM ENERGY CORPORATION (“BE” or, in its capacity as operator hereunder, “Operator”); DIAMOND STATE GENERATION PARTNERS, LLC (""Owner"")"
d221e02a-c220-4bab-b908-7da46861ea82,3,New York
9c1630f2-4cdb-423f-89c5-7ecd574ab00d,1,TURN - KEY MANUFACTURING AGREEMENT
9c1630f2-4cdb-423f-89c5-7ecd574ab00d,2,"INVASIX LTD. (""Customer""); FLEXTRONICS ISRAEL LTD. (""Contractor"");"
9c1630f2-4cdb-423f-89c5-7ecd574ab00d,3,Israel
b8d23826-17b6-4dd9-8b33-41b3ba5b6bf6,1,PRODUCT MANUFACTURING AGREEMENT
b8d23826-17b6-4dd9-8b33-41b3ba5b6bf6,2,"DEXCEL LTD. (""Dexcel""); KITOV Pharma Ltd. (""Kitov"")(""Parties"" and individually a ""Party"")"
b8d23826-17b6-4dd9-8b33-41b3ba5b6bf6,3,Israel
3344cd1d-5cfc-4e7c-90c9-87fb5a24327f,1,MANUFACTURING AND SUPPLY AGREEMENT
3344cd1d-5cfc-4e7c-90c9-87fb5a24327f,2,"Pifzer Inc. (""Manufacturer""); Upjohn Inc. (""Customer"")(""Party"" or collectively as the ""Parties"")"
3344cd1d-5cfc-4e7c-90c9-87fb5a24327f,3,Delaware
a56da24d-30cf-47a3-aa99-091d1f926b37,1,LOCAL PROGRAMMING AND MARKETING AGREEMENT (WQHT HD2)
a56da24d-30cf-47a3-aa99-091d1f926b37,2,MediaCo Holding Inc. (“Licensee”); WBLS-WLIB LLC (“Programmer”)
a56da24d-30cf-47a3-aa99-091d1f926b37,3,Indiana
a6ad2249-d24f-4d2d-b8e8-ec2af966fb06,1,MARKETING AND RESELLER AGREEMENT
a6ad2249-d24f-4d2d-b8e8-ec2af966fb06,2,"Todos Medical Ltd. (""Todos""); Care G. B. Plus Ltd. (""Reseller"")"
a6ad2249-d24f-4d2d-b8e8-ec2af966fb06,3,Israel
306204ed-66be-44aa-abec-de88ba150df2,1,OUTSOURCING AGREEMENT
306204ed-66be-44aa-abec-de88ba150df2,2,"SLICON SMELTERS PTY LTD (""Customer""); ESPACIO INFORMATION TECHNOLOGY, SA. (""EIT"")"
306204ed-66be-44aa-abec-de88ba150df2,3,Spain
71f3a4f2-25f4-4b3a-bef6-e51d6bce2abd,1,Outsourcing Contract on Development of Miaoli Royal Resort Hotel
71f3a4f2-25f4-4b3a-bef6-e51d6bce2abd,2,"The HUANG JIA Country CLUB and Recreation Inc. (""Party A""); Chang Chen-Bin Architects Office (""Party B"")"
71f3a4f2-25f4-4b3a-bef6-e51d6bce2abd,3,Taiwan
a761f85c-88e3-48c2-aa7c-60bd9ebee74b,1,Outsourcing Agreement
a761f85c-88e3-48c2-aa7c-60bd9ebee74b,2,"Paratek Pharmaceuticals, Inc. (""Customer""); CARBOGEN AMCIS AG (“Supplier” and, collectively with Customer, the “Parties”, and each, a “Party)"
42c50ca3-4f96-4eb0-a0d3-644851566620,1,OUTSOURCING AGREEMENT
42c50ca3-4f96-4eb0-a0d3-644851566620,2,"Photronics, Inc. (“Photronics”); Dai Nippon Printing Co., Ltd. (“DNP”); Photronics DNP Photomask Corporation (“PDMC”); Xiamen American Japan Photronics Mask Co., Ltd. (""Company""); Phototronics and DNP (""Shareholder"" and collectively as ""Shareholders""); Shareholder and PDMC (""Supplier"" and collectively as the Suppliers"")"
8de890c8-089e-4501-b722-f4a373e29e0d,1,COLOGUARD® PROMOTION AGREEMENT
8de890c8-089e-4501-b722-f4a373e29e0d,2,"Pfizer Inc. (“Pfizer”); Exact Sciences Corporation (""Exact"") (""Party"" and collectively as the ""Parties"")"
8de890c8-089e-4501-b722-f4a373e29e0d,3,New York
c9343104-1ca9-4794-9f08-89f6b07831cd,1,CO-PROMOTION AGREEMENT
c9343104-1ca9-4794-9f08-89f6b07831cd,2,"Dova Pharmaceuticals, Inc. (""Dova""); Valeant Pharmaceuticals North America LLC (""Valeant"")(""Party"" and together as the ""Parties"")"
c9343104-1ca9-4794-9f08-89f6b07831cd,3,* * *
15e1cb28-1906-4591-9a22-5cf078d4c6a9,1,PROMOTION AGREEMENT
15e1cb28-1906-4591-9a22-5cf078d4c6a9,2,"BookingEntertainment.com (""Promoter""); VNUE, Inc. (""VNUE"")"
15e1cb28-1906-4591-9a22-5cf078d4c6a9,3,Nevada
808ac605-2133-4e4a-92c3-575be9ee4b0c,1,PROMOTION AGREEMENT
808ac605-2133-4e4a-92c3-575be9ee4b0c,2,"SIGA TECHNOLOGIES, INC. (""SIGA""); MERIDIAN MEDICAL TECHNOLOGIES, INC. (""MMT"")(""Party"" and collectively as the ""Parties"")"
808ac605-2133-4e4a-92c3-575be9ee4b0c,3,New York
332d555b-df78-4a55-8ede-e4eb9cb73715,1,FORM OF SUB-RESELLER AGREEMENT
332d555b-df78-4a55-8ede-e4eb9cb73715,2,"salesforce.com, inc. (""SFDC"", ""Salesforce""); Salesforce.org (""Reseller"")"
d701f2b0-7687-40f1-9555-8fb003d0bce7,1,CHANNEL PARTNER RESELLER AGREEMENT
d701f2b0-7687-40f1-9555-8fb003d0bce7,2,"IPASS INC. (""iPass""); Pareteum Corporation (""Channel Partner"")"
d701f2b0-7687-40f1-9555-8fb003d0bce7,3,California
4472d042-c4bb-454b-a34c-bcfd88d73db2,1,DISTRIBUTION AND SERVICES AGREEMENT
4472d042-c4bb-454b-a34c-bcfd88d73db2,2,"Integrity Short Term Government Fund, (""fund""); The Integrity Funds, Integrity Funds Distributor, LLC, (""Integrity"")"
4472d042-c4bb-454b-a34c-bcfd88d73db2,3,Kansas
7eed4218-3ce4-451a-a234-d443fffded03,1,TRANSITION SERVICES AGREEMENT
7eed4218-3ce4-451a-a234-d443fffded03,2,"Reynolds Group Holdings Inc. (""RGHI""); Reynolds Consumer Products Inc. (""Company"" or ""RCP""); Each Party or any of its Affiliates providing services hereunder  (“Provider”); each Party or any of its Affiliates receiving services hereunder (“Recipient”)"
7eed4218-3ce4-451a-a234-d443fffded03,3,Illinois
1c5c62c4-80c3-4440-852b-7dd33a2b664e,1,JACKSONVILLE JAGUARS SPONSORSHIP AGREEMENT
1c5c62c4-80c3-4440-852b-7dd33a2b664e,2,"Jacksonville Jaguars, LLC (""Club""); The ARC Group, Inc. (""Sponser"")"
7ab64551-75bf-4ba7-bb36-2062e47617cc,1,EVENT SPONSORSHIP AGREEMENT
7ab64551-75bf-4ba7-bb36-2062e47617cc,2,"Newegg Inc. (""Newegg""); Allied Esports International, Inc. (""Allied"")(""Parties"" and each as a ""Party"")"
7ab64551-75bf-4ba7-bb36-2062e47617cc,3,California
d6ee95e9-e84c-44c7-a8a3-c5383c3772e6,1,GLOBAL MASTER SUPPLY AGREEMENT
d6ee95e9-e84c-44c7-a8a3-c5383c3772e6,2,"ExxonMobil Chemical Company (""Seller""), on behalf of itself and in the interest of the ExxonMobil affiliates listed on Attachment B (each an ""ExxonMobil Selling Affiliate"" or ""EMCC/A"" or collectively, ""ExxonMobil Selling Affiliates""); West Pharmaceutical Services, Inc. (""Buyer""), on behalf of itself and the Buyer affiliates listed on Attachment C (each a ""Buyer Affiliate"" or “West/A"" or collectively, ""Buyer Affiliates"")"
d6ee95e9-e84c-44c7-a8a3-c5383c3772e6,3,Texas; Singapore; Belgium
a6b94e35-a748-4c65-b753-08e8a59fc170,1,TRADEMARK LICENSE AGREEMENT
a6b94e35-a748-4c65-b753-08e8a59fc170,2,"Morgan Stanley Investment Management Inc. (""Licensor""); Morgan Stanley Direct Lending Fund (""Licensee"")"
a6b94e35-a748-4c65-b753-08e8a59fc170,3,New York
54366357-f15c-4070-81ed-bacd55d8065d,1,Road Transportation Agreement
54366357-f15c-4070-81ed-bacd55d8065d,2,"ZTO Express Co., Ltd. (""Party A""); Tonglu Tongze Logistics Ltd. (""Party B"")"
54366357-f15c-4070-81ed-bacd55d8065d,3,People's Republic of China
68334b48-6706-4c8f-ba29-db0bbd4fdaff,1,"CO-BRANDING, MARKETING AND DISTRIBUTION AGREEMENT"
68334b48-6706-4c8f-ba29-db0bbd4fdaff,2,"Amazon.com Commerce Services, Inc. (""ACSI""); Audible Inc. (""Company"")(""Parties"" and individually as a ""Party"")"
68334b48-6706-4c8f-ba29-db0bbd4fdaff,3,Washington
aafb10f1-0e27-41d4-9328-760b5b57cfb1,1,CO-BRANDING AGREEMENT
aafb10f1-0e27-41d4-9328-760b5b57cfb1,2,"Snap Technologies, Inc. (""Snap""); United Airlines, Inc. (""Sponsor"")"
aafb10f1-0e27-41d4-9328-760b5b57cfb1,3,California
30740868-5eee-4bfa-bf03-53a89f525036,1,CO-BRANDING AGREEMENT
30740868-5eee-4bfa-bf03-53a89f525036,2,"VerticalNet, Inc. (""VerticalNet""); Impresse Corporation (""Impresse"")"
30740868-5eee-4bfa-bf03-53a89f525036,3,Delaware
17246fb1-0c9d-478d-9cb1-1081e270a2aa,1,CO-BRANDING AGREEMENT
17246fb1-0c9d-478d-9cb1-1081e270a2aa,2,"At Home Corporation (""Excite@Home"" or ""Excite""); e-centives, Inc. (""Application Provider"" or ""e-centives"")"
17246fb1-0c9d-478d-9cb1-1081e270a2aa,3,California
dd38282b-c1fe-4a48-ad31-fc90c9c6467c,1,CO-BRANDING AGREEMENT
dd38282b-c1fe-4a48-ad31-fc90c9c6467c,2,"Lucent Technologies Inc. (""Lucent""); mPhase Technologies Inc. (""mPhase"")(""a Party"" and collectively, ""the Parties"")"
dd38282b-c1fe-4a48-ad31-fc90c9c6467c,3,New York
be8bc390-85c8-4bd4-a6c8-0ce5bdeeac64,1,CO-BRANDING AGREEMENT
be8bc390-85c8-4bd4-a6c8-0ce5bdeeac64,2,"VerticalNet, Inc. (""VerticalNet""); LeadersOnline, Inc. (""LeadersOnline"")(""Party"" and together the ""Parties"")"
be8bc390-85c8-4bd4-a6c8-0ce5bdeeac64,3,Pennsylvania
1c329c8f-1eb9-4ff1-84a9-079a9e5f0d47,1,CO-BRANDING AGREEMENT
1c329c8f-1eb9-4ff1-84a9-079a9e5f0d47,2,"VerticalNet, Inc. (""""VerticalNet""); PaperExchange.com, LLC (""PaperExchange"")"
1c329c8f-1eb9-4ff1-84a9-079a9e5f0d47,3,Pennsylvania
8aaf888e-b8f0-4f15-9b06-bc1a69e196e5,1,CO-BRANDING AGREEMENT                                      (FORM)
8aaf888e-b8f0-4f15-9b06-bc1a69e196e5,2,"NETTAXI Online Communities, Inc. (""NETTAXI""); Solutions Media, Inc.(dba SpinRecords.com, ""SpinRecords.com"" or ""Client"")"
8aaf888e-b8f0-4f15-9b06-bc1a69e196e5,3,California
3e371551-1aed-42c5-8ff8-1a51ff66c4c4,1,MANIFEST SYSTEM SERVICES AND CO-BRANDING AGREEMENT
3e371551-1aed-42c5-8ff8-1a51ff66c4c4,2,"iShip.com, Inc. (""Company""); Mail Boxes Etc. USA, Inc. (""MBE"")"
3e371551-1aed-42c5-8ff8-1a51ff66c4c4,3,California
836ca91b-e82a-4025-b76c-a0144b4d3274,1,CHASE AFFILIATE AGREEMENT
836ca91b-e82a-4025-b76c-a0144b4d3274,2,"Chase Bank USA, N.A., (""Chase""); You (""Affiliate"")"
836ca91b-e82a-4025-b76c-a0144b4d3274,3,Delaware
429ed7a1-1cf7-4feb-a2d8-8b5b6e30bca8,1,NETWORK AFFILIATE AGREEMENT
429ed7a1-1cf7-4feb-a2d8-8b5b6e30bca8,2,"National CineMedia, LLC (“NCM”); Digital Cinema Destinations Corp.; “Network Affiliate” and with NCM, ""Party"" and collectively, the ""Parties"""
429ed7a1-1cf7-4feb-a2d8-8b5b6e30bca8,3,Delaware
ce8604f7-b2bc-4fe6-9c3a-c572cfff4095,1,AFFILIATE AGREEMENT
ce8604f7-b2bc-4fe6-9c3a-c572cfff4095,2,"Link Plus Corporation (""LKPL""); Axiometric, LLC. (""Axiometric"")"
ce8604f7-b2bc-4fe6-9c3a-c572cfff4095,3,Maryland
23b975c6-9446-4d38-9a3e-8ea2e5ac59d6,1,Affiliate Program / Premium Affiliate Management General Terms and Conditions
23b975c6-9446-4d38-9a3e-8ea2e5ac59d6,2,"Web site owners (hereafter, ""Affiliates""); Software Publishers; element 5 GmbH and its subsidiaries (together hereafter, ""element 5"") and who wish to make use of the additional service provided by element 5 (hereafter, ""AffiliateManagement"")"
23b975c6-9446-4d38-9a3e-8ea2e5ac59d6,3,Germany
e45aa2b8-2908-4490-b05d-dd9d5509e048,1,MARKETING AFFILIATE AGREEMENT
e45aa2b8-2908-4490-b05d-dd9d5509e048,2,"Equidata, Inc. (“Equidata”); National Credit Report.com, LLC (“Marketing Affiliate”)"
e45aa2b8-2908-4490-b05d-dd9d5509e048,3,Virginia
e1fe019e-5d25-466f-ae19-531bfcc8e627,1,CHARTER AFFILIATE AFFILIATION AGREEMENT
e1fe019e-5d25-466f-ae19-531bfcc8e627,2,"The TUBE Music Network, Inc. (""Network""); Tribune Broadcasting Company (""Affiliate"")"
e1fe019e-5d25-466f-ae19-531bfcc8e627,3,New York
a07e7bca-0bc0-4b7f-93a5-daeac5501820,1,AFFILIATE OFFICE AGREEMENT
a07e7bca-0bc0-4b7f-93a5-daeac5501820,2,"NETWORK  1 FINANCIAL, INC. (""NETWORK  1""); Payment Data  Systems,  Inc. (""AFFILIATE"")"
a07e7bca-0bc0-4b7f-93a5-daeac5501820,3,"Virginia, Texas"
1d82a1a0-9a9e-4213-bd1a-de48666c6411,1,ENDORSEMENT AGREEMENT
1d82a1a0-9a9e-4213-bd1a-de48666c6411,2,"Geno Auriemma (Auriemma); Berkshire Bank (Berkshire)(""Party"" or ""Parties"")"
1d82a1a0-9a9e-4213-bd1a-de48666c6411,3,Connecticut
b2aacfb9-c54e-4fc9-b9d3-7bfbbf28ef43,1,ENDORSEMENT AGREEMENT
b2aacfb9-c54e-4fc9-b9d3-7bfbbf28ef43,2,"National Football League Alumni - Northern America Chapter (""NFLA-NC""); National Football League Alumni, Inc (""NFLA""); Food For Athletes, Inc./Gridiron BioNutrients™ (collectively the ""Company"")"
b2aacfb9-c54e-4fc9-b9d3-7bfbbf28ef43,3,California
a28f3367-af34-422f-83b3-84bc8ffddd7d,1,TALENT ENDORSEMENT AGREEMENT
a28f3367-af34-422f-83b3-84bc8ffddd7d,2,"Tigrent Learning UK Limited (""Company""); Celebrity Speakers (""CSA""); Robbie Fowler (""Talent"")"
a28f3367-af34-422f-83b3-84bc8ffddd7d,3,"England, United Kingdom; Wales, United Kingdom"
72697689-c1ce-4abd-9a0a-728183661e16,1,Split-Dollar Endorsement Agreement
72697689-c1ce-4abd-9a0a-728183661e16,2,"Prudential Bank (""Employer""); Jeffrey Hanuscin (""Employee"")"
72697689-c1ce-4abd-9a0a-728183661e16,3,Pennsylvania
9edf0f0d-fdcd-4a05-bf90-f7042837fddb,1,ENDORSEMENT
9edf0f0d-fdcd-4a05-bf90-f7042837fddb,2,Thrivent Financial for Lutherans
8e7de86e-4759-4967-8f02-1c066d133416,1,Development Agreement
8e7de86e-4759-4967-8f02-1c066d133416,2,"CNS Pharmaceuticals, Inc. (""CNS""); WPD Pharmaceuticals (""WPD"")(""Party"" and collectively as the ""Parties"")"
8e7de86e-4759-4967-8f02-1c066d133416,3,Texas
36f7c4a5-36ba-44de-83b4-9d114d17cd30,1,Consulting and Product Development Agreement
36f7c4a5-36ba-44de-83b4-9d114d17cd30,2,"Emerald Health Sciences Inc. (""EHS""); Emerald Health Nutraceuticals Inc. (""EHN""); Michael T. Murray, N.D. (""Dr. Murray"")"
36f7c4a5-36ba-44de-83b4-9d114d17cd30,3,Arizona
867aabff-7d76-459c-bb9f-3cbbf125ccfd,1,DEVELOPMENT AND OPTION AGREEMENT
867aabff-7d76-459c-bb9f-3cbbf125ccfd,2,"Harpoon Therapeutics, Inc. (""Harpoon""); AbbVie Biotechnology Ltd (""AbbVie"")"
867aabff-7d76-459c-bb9f-3cbbf125ccfd,3,Delaware
82501e48-d2da-4ee0-8591-428173a368bb,1,MASTER JOINT DEVELOPMENT AGREEMENT
82501e48-d2da-4ee0-8591-428173a368bb,2,"iBio Inc.; Beijing CC-Pharming Ltd. (""CC-Pharming"")"
82501e48-d2da-4ee0-8591-428173a368bb,3,Texas
efc86670-f131-4b80-9da0-9a35abd43478,1,OUTSOURCE TECHNOLOGY DEVELOPMENT AGREEMENT
efc86670-f131-4b80-9da0-9a35abd43478,2,"Document Security Systems, Inc. (""DSS""); HotApp International Ltd. (""Developer"")"
efc86670-f131-4b80-9da0-9a35abd43478,3,New York
e6aafcd7-e2a1-4dad-9546-121b8f179201,1,REAL ESTATE EDUCATION TRAINING PROGRAM DEVELOPMENT AGREEMENT
e6aafcd7-e2a1-4dad-9546-121b8f179201,2,"T&B Seminars, Inc. (""T&B""); Legacy Education Alliance Holdings, Inc. (""LEA"")"
e6aafcd7-e2a1-4dad-9546-121b8f179201,3,New York
a67d1d50-614a-4432-834f-0e7db80cabda,1,License and Development Agreement
a67d1d50-614a-4432-834f-0e7db80cabda,2,"NLS-1 Pharma AG (""Licensor"" or ""NLS""); Eurofarma Laboratorios S.A. (""Licensee"" or ""Eurofarma"")(""Party"" collectively the ""Parties"")"
a67d1d50-614a-4432-834f-0e7db80cabda,3,Netherlands
9300bf7a-290e-4f74-9139-edfb4367e62c,1,"COLLABORATIVE RESEARCH, DEVELOPMENT AND COMMERCIALIZATION AGREEMENT"
9300bf7a-290e-4f74-9139-edfb4367e62c,2,"Revolution Medicines, Inc. (""Revmed""); Aventis, Inc. (""Sanofi"")(""Party"" and collectively as the ""Parties"")"
9300bf7a-290e-4f74-9139-edfb4367e62c,3,New York
39b8b9b6-d2da-47fe-bb85-b74eec18fa97,1,DISTRIBUTION AND DEVELOPMENT AGREEMENT
39b8b9b6-d2da-47fe-bb85-b74eec18fa97,2,"Sekisui Diagnostics, LLC and its Affiliates (""Sekisui""); Qualigen, Inc. and its Affiliates (""Qualigen"")"
39b8b9b6-d2da-47fe-bb85-b74eec18fa97,3,Delaware
2a4454e3-0e72-4a22-9478-aca8aba27f49,1,Mobile Application Development Agreement
2a4454e3-0e72-4a22-9478-aca8aba27f49,2,"VGrab Asia Ltd. (""VAL""); Mr. Zheng Qing, Mr. Gu Xianwin and Ms. Chen Weijie (""Developer"")"
2a4454e3-0e72-4a22-9478-aca8aba27f49,3,Hong Kong
1f7f69a5-97b1-42dc-88a4-0fc805c642a7,1,DOMAIN NAME AND CONTENT LICENSE AGREEMENT
1f7f69a5-97b1-42dc-88a4-0fc805c642a7,2,"Beijing SINA Internet Information Service Co., Ltd. (""Licensor""); Beijing Yisheng Leju Information Services Co., Ltd. (""Licensee"")"
1f7f69a5-97b1-42dc-88a4-0fc805c642a7,3,People's Republic of China
45b89c9c-f284-4aaf-88dd-32c8df84395e,1,CONTENT LICENSE AGREEMENT
45b89c9c-f284-4aaf-88dd-32c8df84395e,2,"Global Music International, Inc. d/b/a Independent Music Network (""IMNTV""); MobileVision Communications, Ltd. (""Distributor"")"
45b89c9c-f284-4aaf-88dd-32c8df84395e,3,Florida
53cc9544-57ac-4dc9-8b81-88476b571051,1,FORM OF CONTENT LICENSE AGREEMENT
53cc9544-57ac-4dc9-8b81-88476b571051,2,"Beijing Sun Seven Stars Culture Development Limited (""Licensor""); YOU ON DEMAND HOLDINGS, INC (""Licensee"")"
53cc9544-57ac-4dc9-8b81-88476b571051,3,New York
1e3a95e7-111a-4b45-a645-cba1f94fcac4,1,                CONTENT LICENSE AGREEMENT
1e3a95e7-111a-4b45-a645-cba1f94fcac4,2,"Digicorp, Inc. (""Company""); New China Media LLC ((a/k/a New China Media LLC) (""NCM""); YGP, LLC (""YGP""); TWK Holdings, LLC. (""TWK""); (NCM, YGP and TWK individually and collectively referred to as ""CONTENT PROVIDER"")(COMPANY and CONTENT PROVIDER are hereinafter sometimes collectively referred to as the ""Parties"")"
1e3a95e7-111a-4b45-a645-cba1f94fcac4,3,California
1af725a9-2386-4aed-a2f2-19e88ea0bd58,1,CONTENT LICENSE AGREEMENT
1af725a9-2386-4aed-a2f2-19e88ea0bd58,2,"PACIFICAP ENTERTAINMENT (""Licensor""); THE HENRY FILM AND ENTERTAINMENT CORPORATION (""Licensee"")"
1af725a9-2386-4aed-a2f2-19e88ea0bd58,3,California
7b41b0fd-cd3d-48df-a1b4-2bd2373bb24a,1,  CONTENT LICENSE AGREEMENT
7b41b0fd-cd3d-48df-a1b4-2bd2373bb24a,2,"World Book, Inc. (""World Book""); HSW International, Inc. (""HSWI"")"
7b41b0fd-cd3d-48df-a1b4-2bd2373bb24a,3,New York
fb1778ea-e7d8-4a22-af44-236aa90fddf7,1,Media Content and License Agreement
fb1778ea-e7d8-4a22-af44-236aa90fddf7,2,Watchit Media; Oceanic Time Warner Cable
400d32d7-3232-4ade-b496-13735dab5a26,1,"ADDENDUM TO 

ZEBRA® PARTNERCONNECT DISTRIBUTOR AGREEMENT"
400d32d7-3232-4ade-b496-13735dab5a26,2,"Zebra Technologies International, LLC (""Zebra""), Zebra Technologies do Brasil - Comércio de Produtos de Informåtica Ltda.(""Zebra Brazil""), Xplore Technologies Corporation of America (""Xplore""), (Zebra, Zebra Brazil and Explore collectively as ""Zebra""); ScanSource, Inc. (""ScanSource""), ScanSource Latin America, Inc. (""ScanSource Latin America""), ScanSource Brazil Distribuidora de Technologias, Ltda. ""ScanSource Brazil""), SCANSOURCE DE MEXICO S. DE R.L. DE C.V. (""ScanSource Mexico"") ,(""ScanSource"", ""ScanSource Latin America"" , ""ScanSource Brazil"" and ScanSource Mexico collectively ""Distributor"")(""Zebra"" and the ""Distributor"" are referred to collectively as 'Parties"" and individually as a ""Party"")"
91e41ce3-50d2-4125-aaae-d41e1b7cbd7f,1,AMENDMENT NO. 3 TO THE NONEXCLUSIVE VALUE ADDED DISTRIBUTOR AGREEMENT
91e41ce3-50d2-4125-aaae-d41e1b7cbd7f,2,"Cisco Systems, Inc. (""Cisco""); ScanSource, Inc. (""Distributor"")"
0ad659e2-f433-4a68-8c01-056f3b362d70,1,EXCLUSIVE DISTRIBUTOR AGREEMENT
0ad659e2-f433-4a68-8c01-056f3b362d70,2,"SMART RX SYSTEMS, INC. (""Company""); A3 DEVELOPMENT GROUP, LLC (""Distributor"")"
0ad659e2-f433-4a68-8c01-056f3b362d70,3,Texas
3b00cb61-d7d8-4ff6-b394-988c6c04687b,1,DISTRIBUTORSHIP AGREEMENT
3b00cb61-d7d8-4ff6-b394-988c6c04687b,2,"STARAR SURGICAL AG (""STAAR""); Distributor (""Distributor"")"
3b00cb61-d7d8-4ff6-b394-988c6c04687b,3,California
23618c90-3732-4b4d-b260-1988d8e41e2e,1,DISTRIBUTORSHIP AGREEMENT
23618c90-3732-4b4d-b260-1988d8e41e2e,2,"ZOGENIX, INC. (""Zogenix""); Nippon Shinyaku Company, Ltd. (""Distributor"")(""Party"" and collectively as the ""Parties"")"
23618c90-3732-4b4d-b260-1988d8e41e2e,3,New York
a0d51a77-4851-425a-b1ce-74b21a17ee38,1,WIRELESS CONTENT LICENSE AGREEMENT
a0d51a77-4851-425a-b1ce-74b21a17ee38,2,"Twentieth Century Fox Licensing & Merchandising (""Fox""); Sorrent, Inc (""Licensee"")(""parties"" and each individually as a ""party)"
a0d51a77-4851-425a-b1ce-74b21a17ee38,3,California
2ca9959d-8356-49da-92ca-2b7d4822914b,1,"AMENDMENT NO. 1

Wireless Content License Agreement Number 12965"
2ca9959d-8356-49da-92ca-2b7d4822914b,2,"Fox Mobile Entertainment (""Fox""); Glu Mobile, Inc. f/k/a Sorrent, Inc. (""Licensee"")"
67120c69-39f0-4eee-9def-f8ad33840a2f,1,"AMENDMENT NO. 2

Wireless Content License Agreement Number 12965"
67120c69-39f0-4eee-9def-f8ad33840a2f,2,"Fox Mobile Entertainment, Inc. (""Fox""); Glu Mobile, Inc. f/k/a Sorrent, Inc. (""Licensee"")"
c36d65df-023e-48c3-b748-df9d453fd7f2,1,"AMENDMENT NO. 3

Wireless Content License Agreement Number 12965"
c36d65df-023e-48c3-b748-df9d453fd7f2,2,"Fox Mobile Entertainment, Inc. (""Fox""); Glu Mobile Inc. (""Licensee"")"
5992067b-1015-4027-84cb-4b5363960a94,1,SAMPLE OF NON-DISCLOSURE AND NON-COMPETITION AGREEMENT
5992067b-1015-4027-84cb-4b5363960a94,2," (""Franchisee""); [] (""Member"")"
a7076d05-de98-4bd0-bcce-0197887fc05d,1,"  CONTENT LICENSE, MARKETING AND SALES AGREEMENT"
a7076d05-de98-4bd0-bcce-0197887fc05d,2,"eFashion Solutions LLC (""EFS""); Playboy.com, Inc. (""Client"", which shall include  affiliates controlling, controlled by or under common control with Playboy.com, Inc.)"
a7076d05-de98-4bd0-bcce-0197887fc05d,3,Illinois
de4046a0-7ce5-4bf0-af48-aac63e11c831,1,SUPPLIER/SUBCONTRACTOR CONTRACT
de4046a0-7ce5-4bf0-af48-aac63e11c831,2,"Playboy.com, Inc. (""Purchaser""); Supplier"
3f0f5388-9f01-46c3-b723-1db2a93b7526,1,NONEXCLUSIVE VALUE ADDED DISTRIBUTOR AGREEMENT
3f0f5388-9f01-46c3-b723-1db2a93b7526,2,"ScanSource, Inc. (""Distributor""); Cisco Systems, Inc. (""Cisco"")"
3f0f5388-9f01-46c3-b723-1db2a93b7526,3,New York
79daf8d6-abe1-4cd1-862e-b3d265fdd8eb,1,Software License Agreement [v.08.05.03
79daf8d6-abe1-4cd1-862e-b3d265fdd8eb,2,"Customer; Cisco Systems, Inc. or its subsidiaries licensing the Software instead of Cisco Systems (""Cisco""); Customer"
79daf8d6-abe1-4cd1-862e-b3d265fdd8eb,3,California
cd8b7715-e6a9-49f4-b27c-bbb2c98ae726,1,SOFTWARE DEVELOPMENT AGREEMENT
cd8b7715-e6a9-49f4-b27c-bbb2c98ae726,2,"DOT COM LLC (""Developer""); Pelican Delivers Inc. (""Client"")(""Party"", and collectively as the ""Parties"")"
584fe5ff-ee3c-4103-a559-81c716f286a3,1,"STATEMENT OF WORK - APPENDIX A

Software Development Agreement"
584fe5ff-ee3c-4103-a559-81c716f286a3,2,"SEATTLE SOFTWARE DEVELOPERS, Inc. (""Developer""); PELICAN DELIVERS INC. (""Client"")"
2142d802-f838-48ea-91e5-2c632e3b47e6,1,MANUFACTURING AGREEMENT
2142d802-f838-48ea-91e5-2c632e3b47e6,2,"Stremicks Heritage Foods, LLC (""Heritage""); PREMIER NUTRITION CORPORATION (""Premier"")(""Party:, collectively, the ""Parties"")"
2142d802-f838-48ea-91e5-2c632e3b47e6,3,California
d459ef03-a228-4f07-927b-36ecadb25b35,1,"AMENDMENT NO. 1

MANUFACTURING AGREEMENT"
d459ef03-a228-4f07-927b-36ecadb25b35,2,"Stremick's Heritage Foods, LLC (""Heritage""); Premier Nutrition Corporation (""Premier"")"
233e458c-c152-41cd-b1e9-b75715fc7fc5,1,"AMENDMENT NO. 3

 MANUFACTURING AGREEMENT"
233e458c-c152-41cd-b1e9-b75715fc7fc5,2,"Stremicks Heritage Foods, LLC (""Heritage""); Premier Nutrition Corporation (""Premier"")"
4c2f0557-7c72-4f07-be06-2328b39e5c5f,1,CONSULTING AGREEMENT
4c2f0557-7c72-4f07-be06-2328b39e5c5f,2,"Kriomic, Inc (""Company""); Gianluca Rotino (""Consultant"")"
4c2f0557-7c72-4f07-be06-2328b39e5c5f,3,Texas
79abe7f8-9a65-4e5e-bd1b-c23df3d2d270,1,CONSULTING AGREEMENT
79abe7f8-9a65-4e5e-bd1b-c23df3d2d270,2,"GROUPE PARAMEUS CORP (""Consultant""); Sphere 3D Corp. (""Company"")"
79abe7f8-9a65-4e5e-bd1b-c23df3d2d270,3,New York
93709fdf-4592-4a6c-923b-68558bc91c7c,1,CONSULTING AGREEMENT
93709fdf-4592-4a6c-923b-68558bc91c7c,2,"Global Technologies, Ltd (""Company""); Timothy Cabrera (""Consultant""); Company and Consultant (individually, a “Party”; collectively, the “Parties”)"
93709fdf-4592-4a6c-923b-68558bc91c7c,3,Florida
0c576fd3-e1e2-44ae-80bb-c53db4aa04d3,1,Consulting Agreement
0c576fd3-e1e2-44ae-80bb-c53db4aa04d3,2,"Driven Deliveries, Inc (""Company""); TruckThat LLC (""Consultant""); Company and Consultant (singularly as a “Party” or collectively as the “Parties”)"
0c576fd3-e1e2-44ae-80bb-c53db4aa04d3,3,California
58b1d0e0-dc3b-4723-89c3-82553662d52a,1,CONSULTING AGREEMENT
58b1d0e0-dc3b-4723-89c3-82553662d52a,2,"CORAL GOLD RESOURCED LTD. (""Company""); INTERMARK CAPITAL CORP. (""Consultant"")"
58b1d0e0-dc3b-4723-89c3-82553662d52a,3,"British Columbia, Canada"
ad0e1080-929d-4ef8-acde-194977e2e440,1,FRANCHISE AGREEMENT
ad0e1080-929d-4ef8-acde-194977e2e440,2,"Pretzel Time, Inc. doing business as Pretzel Time (""Pretzel Time""; ""FRANCHISOR""); Franchisee (""Franchisee"")"
ad0e1080-929d-4ef8-acde-194977e2e440,3,Pennsylvania
fdfc150f-bfce-496e-bd2e-aa4ee090e31a,1,CONSULTING AGREEMENT
fdfc150f-bfce-496e-bd2e-aa4ee090e31a,2,"Aduro Biotech, Inc. (""Aduro""); IREYA B.V (""Consultant"")"
fdfc150f-bfce-496e-bd2e-aa4ee090e31a,3,California
c404e960-a16d-42c8-89ab-e047feb54470,1,Online Hosting Agreement
c404e960-a16d-42c8-89ab-e047feb54470,2,"Diplomat Direct Marketing Corporation (""Diplomat""); Tadeo E-Commerce Corp. (""Tadeo"")"
c404e960-a16d-42c8-89ab-e047feb54470,3,New York
f90320aa-929a-4a3e-b9aa-0fced0d71841,1,LICENSE AND HOSTING AGREEMENT
f90320aa-929a-4a3e-b9aa-0fced0d71841,2,"Transaction Applications Group, Inc. (""TAG""); Legacy Marketing Group, Inc. (""LMG"")"
f90320aa-929a-4a3e-b9aa-0fced0d71841,3,Georgia
19f56c69-dd28-4d51-b67b-8e66aca6bcba,1,AGENCY AGREEMENT
19f56c69-dd28-4d51-b67b-8e66aca6bcba,2,"The Bon-Ton Stores, Inc. and its associated chapter 11 debtors inpossession (collectively, “Merchant”); GA Retail, Inc. (“GA”); Tiger Capital Group, LLC (“Tiger” and collectively with GA, the “Agent”); Wilmington Savings Fund Society, FSB (the “Notes Trustee” and collectively with Agent, “Purchaser”); Purchaser and Merchant (collectively the “Parties”)"
19f56c69-dd28-4d51-b67b-8e66aca6bcba,3,Delaware
c20828d9-107f-4a93-9155-7ba891173a8a,1,AGENCY AGREEMENT
c20828d9-107f-4a93-9155-7ba891173a8a,2,"Athens Bancshares Corporation (the ""Company""); Athens Federal Community Bank (the ""Bank""); Keefe, bruyette & Woods, Inc. (the ""Agent"")"
c20828d9-107f-4a93-9155-7ba891173a8a,3,New York
d031d626-2b28-48df-991c-cd86b03b045e,1,Support and Maintenance Agreement
d031d626-2b28-48df-991c-cd86b03b045e,2,"XACCT Technologies, Inc. (""XACCT""); [] (""Licensee"")"
d031d626-2b28-48df-991c-cd86b03b045e,3,California
f8225dc1-6e8f-428c-9097-9f3955d4e3a8,1,Yield Maintenance Agreement
f8225dc1-6e8f-428c-9097-9f3955d4e3a8,2,"Wells Fargo Bank on behalf of Wells Fargo Mortgage Backed Securities 2006-6 Trust (""Counterparty""); UBS AG (""UBS AG"")"
f8225dc1-6e8f-428c-9097-9f3955d4e3a8,3,New York
4a34f73f-ca90-4095-8f6b-fa9cb27bb85c,1,MAINTENANCE AGREEMENT
4a34f73f-ca90-4095-8f6b-fa9cb27bb85c,2,"Netzee, inc. (""Netzee""); The Bankers Bank (""Bankers Bank"")"
a47fffd3-0464-4360-beec-ffe6b15a0dc0,1,MAINTENANCE AGREEMENT
a47fffd3-0464-4360-beec-ffe6b15a0dc0,2,"SAGEM S.A. (""MORPHO""); XIMAGE corporation (""XIMAGE"")"
20f3da09-be85-4409-bb19-d69250b61869,1,SERVICES AGREEMENT
20f3da09-be85-4409-bb19-d69250b61869,2,"Oaktree Capital Management. L.P. (""Oaktree US""); Oaktree Capital Management (International) Limited (""Sub-Advisor"")"
20f3da09-be85-4409-bb19-d69250b61869,3,"England and Wales, UK"
7b50bf63-ddcf-4b56-8026-0b67d05818cc,1,Master Service Agreement
7b50bf63-ddcf-4b56-8026-0b67d05818cc,2,"CRO Consultiong (Pty) Limited (""CRO""); Purinis Pharmaceuticals LLC (""Client"")"
7b50bf63-ddcf-4b56-8026-0b67d05818cc,3,Connecticut
1c292133-80a4-44bf-b56e-770f55bde101,1,MASTER SERVICES AGREEMENT (
1c292133-80a4-44bf-b56e-770f55bde101,2,"Clear Capital (""Company""); Radial Spark, LLC (""Contractor"")"
1c292133-80a4-44bf-b56e-770f55bde101,3,Arizona
5e4de416-b82f-45b8-b653-81a84363a786,1,SERVICES AGREEMENT
5e4de416-b82f-45b8-b653-81a84363a786,2,"PFS Funds (""Trust""); Potomac Fund Management, Inc. (""Adviser"")"
5e4de416-b82f-45b8-b653-81a84363a786,3,Massachusetts
ff8e41ce-2115-4e03-958e-c6697c9c0503,1,SERVICES AGREEMENT
ff8e41ce-2115-4e03-958e-c6697c9c0503,2,"Idan Maimon (""Maimon""); Intellisense Solutions Inc. (""Company"")"
ff8e41ce-2115-4e03-958e-c6697c9c0503,3,New York
bc21910e-82a5-4325-a85b-7f1e1cb65b2d,1,SERVICE AGREEMENT
bc21910e-82a5-4325-a85b-7f1e1cb65b2d,2,"The Victory Portfolios (""Trust""); Hartford Life Insurance Co., Inc. (""Administrator"")"
bc21910e-82a5-4325-a85b-7f1e1cb65b2d,3,Ohio
92247913-669a-4383-91c4-1eabd9a2ecf3,1,SERVICES AGREEMENT
92247913-669a-4383-91c4-1eabd9a2ecf3,2,"TransMontaigne Management Company, LLC (""EmployeeCo""); TLP Management Services, LLC (""Operating Company""); (each ""Party,"" collectively ""Parties"")"
92247913-669a-4383-91c4-1eabd9a2ecf3,3,Colorado
9cf1ee67-0435-400d-8542-118d168d8abe,1,SERVICE AGREEMENT
9cf1ee67-0435-400d-8542-118d168d8abe,2,"Fidelity Investments Institutional Operations Company, Inc. (""FIIOC""); New York Life Insurance and Annuity Corporation (""Company"")"
9cf1ee67-0435-400d-8542-118d168d8abe,3,Massachusetts
a4154411-6d8f-4ced-aea2-dad29c60f4e2,1,SERVICE AGREEMENT
a4154411-6d8f-4ced-aea2-dad29c60f4e2,2,"Rise (Tianjin) Education Information Consulting Co., Ltd. (""Service Provider""); [*] (""Service Recipient"")"
a4154411-6d8f-4ced-aea2-dad29c60f4e2,3,Beijing
a78e03cd-dd10-43e4-994c-af6ac6c0825f,1,Service Agreement
a78e03cd-dd10-43e4-994c-af6ac6c0825f,2,"PC Financial Services Private Limited (""PC Financial""); Mobimagic Co., Ltd. (""Mobimagic""); (each as ""Party"" collectively as ""Parties"")"
a78e03cd-dd10-43e4-994c-af6ac6c0825f,3,India
8a5daa8c-f404-46a1-b5cb-37a04c40211e,1,SPONSORSHIP AND DEVELOPMENT AGREEMENT
8a5daa8c-f404-46a1-b5cb-37a04c40211e,2,"TEKNIK DIGITAL ARTS INC. (""TDA""); RICK SMITH ENTERPRISES (""Smith"")"
8a5daa8c-f404-46a1-b5cb-37a04c40211e,3,Arizona
47b72ec6-b695-4133-8adb-19a15340e67c,1,SPONSORSHIP AGREEMENT
47b72ec6-b695-4133-8adb-19a15340e67c,2,"Stallings Capital Group  Consultants, Ltd. (""Racing""); GAINSCO, INC. (""Sponser"")"
47b72ec6-b695-4133-8adb-19a15340e67c,3,Texas
63a15b98-0f27-4548-a6f3-b300963ea11b,1,SPONSORSHIP AGREEMENT
63a15b98-0f27-4548-a6f3-b300963ea11b,2,"iPayment, Inc. (""ISO""); First Data Merchant Services Corporation (""FDMS""); Wells Fargo Bank, N.A. (""Bank"")"
63a15b98-0f27-4548-a6f3-b300963ea11b,3,New York
67f514d7-4310-4056-8fa0-0863c5f8dff0,1,SPONSORSHIP AGREEMENT
67f514d7-4310-4056-8fa0-0863c5f8dff0,2,"PEEK Investments LLC (""Purchaser""); Platinum Partners Value Arbitrage Fund L.P (""Sponser""); Snowy August Fund ILP (""Sponser"")"
67f514d7-4310-4056-8fa0-0863c5f8dff0,3,New York
1d65a84e-4a7e-4047-b608-61ab60921ab4,1,Sponsorship Agreement
1d65a84e-4a7e-4047-b608-61ab60921ab4,2,"Intuit Inc. (""Intuit""); Stamps.com Inc. (""Client"")"
1d65a84e-4a7e-4047-b608-61ab60921ab4,3,California
0bd6d0d5-a089-4232-bbb8-590ab9911166,1,SPONSORSHIP AGREEMENT
0bd6d0d5-a089-4232-bbb8-590ab9911166,2,"Forty Niners SC Stadium Company LLC (""Forty Niners SC""); Violin Memory, Inc. (""Sponsor""); Forty Niners SC and Sponsor (individually as a “Party” and collectively as the “Parties."")"
0bd6d0d5-a089-4232-bbb8-590ab9911166,3,California
06c3ad91-d862-40c4-9953-94047720ded2,1,CORPORATE SPONSORSHIP AGREEMENT
06c3ad91-d862-40c4-9953-94047720ded2,2,"Phoenix Performance, LLC (""Vendor""); Torevic Inc. (""Torvec"")"
06c3ad91-d862-40c4-9953-94047720ded2,3,New York
a4e3c9f2-f112-4d74-a327-5800bdc73ca6,1,SPONSORSHIP AGREEMENT
a4e3c9f2-f112-4d74-a327-5800bdc73ca6,2,"Excite, Inc.""Excite""; CyberShop ""Client"""
a4e3c9f2-f112-4d74-a327-5800bdc73ca6,3,New York
89349422-00c2-477e-874a-3f04b66f40c6,1,Sponsorship Agreement
89349422-00c2-477e-874a-3f04b66f40c6,2,"J. Walter Thompson (""FMM""); iVillage, Inc. (""iVillage"")(referred to generically as a ""Party"", orcollectively as ""Parties"")"
89349422-00c2-477e-874a-3f04b66f40c6,3,New York
0cdff67a-a51f-4cbc-917e-6914bb5bf5ee,1,SPONSORSHIP AGREEMENT
0cdff67a-a51f-4cbc-917e-6914bb5bf5ee,2,"Southern Racing Promotions, Inc. (""SRP""); Logan's Roadhouse, Inc. (""Logan's"")"
0cdff67a-a51f-4cbc-917e-6914bb5bf5ee,3,Tennessee
e3c460a5-5c39-45c0-9e96-5e2575dc059e,1,SPONSORSHIP AGREEMENT
e3c460a5-5c39-45c0-9e96-5e2575dc059e,2,"Football Northwest LLC, (""FNW""); Mercata, Inc., (""Sponsor"")"
e3c460a5-5c39-45c0-9e96-5e2575dc059e,3,Washington
ee55db0d-1913-4d57-b685-ce62eeb8e1e8,1,SPONSORSHIP AGREEMENT
ee55db0d-1913-4d57-b685-ce62eeb8e1e8,2,"Excite, Inc. (""Excite""); N2K, Inc. (""Sponsor"")"
ee55db0d-1913-4d57-b685-ce62eeb8e1e8,3,New York
b6db3e07-98a9-4b19-95d5-ad3b04a0e0d1,1,SPONSORSHIP AGREEMENT
b6db3e07-98a9-4b19-95d5-ad3b04a0e0d1,2,"Excite, Inc. (""Excite""); Vitamin Shoppe Industries Inc. (""Client"")"
b6db3e07-98a9-4b19-95d5-ad3b04a0e0d1,3,California
f7b8c69b-f665-41f3-9646-f8d36abbc627,1,Outsourcing Agreement
f7b8c69b-f665-41f3-9646-f8d36abbc627,2,"Virtual Item Processing Systems, Inc. (""VIP""); Brokers National Life Assurance Company (""BNL"")"
f7b8c69b-f665-41f3-9646-f8d36abbc627,3,Oklahoma
647c514f-967a-41c5-9851-937a0be37fec,1,Network Management Outsourcing Agreement
647c514f-967a-41c5-9851-937a0be37fec,2,"(BANK OF SOUTH PACIFIC LIMITED (""BSP"" or ""Bank of South Pacific Ltd""); DATEC (PNG) LIMITED (""Datec PNG Limited"" or ""Datec"" or ""PNG""))"
647c514f-967a-41c5-9851-937a0be37fec,3,Papua New Guinea
da921f79-5cff-4f6c-a7d9-d9c50d756017,1,MANUFACTURING OUTSOURCING AGREEMENT
da921f79-5cff-4f6c-a7d9-d9c50d756017,2,"Nice Systems Ltc. (""NICE""); Flextronics Israel Ltd. (""CONTRACTOR"")"
da921f79-5cff-4f6c-a7d9-d9c50d756017,3,Israel
d75aae13-6ef8-4b82-baa2-5654a064e108,1,OUTSOURCING AGREEMENT
d75aae13-6ef8-4b82-baa2-5654a064e108,2,"Sykes HealthPlan Services, Inc. (""SHPS""); HealthPlan Services, Inc. (""HFS"")"
d75aae13-6ef8-4b82-baa2-5654a064e108,3,Florida
1fb9128b-b570-4677-ab45-2b0631dfc622,1,Outsourcing Agreement
1fb9128b-b570-4677-ab45-2b0631dfc622,2,"Tri City National Bank (""Customer""); Marshall & Ilsley Corporation (""M&I"")"
1fb9128b-b570-4677-ab45-2b0631dfc622,3,Wisconsin
874b05b4-9435-475b-b7cc-aec8f9b51c59,1,TECHNOLOGY OUTSOURCING AGREEMENT
874b05b4-9435-475b-b7cc-aec8f9b51c59,2,"Oriental Financial Group Inc. (""Customer""); Melavante Corporation (""Melavante"")"
874b05b4-9435-475b-b7cc-aec8f9b51c59,3,New York
f382fdd7-639d-42a0-b7e4-ba302ac03564,1,OUTSOURCING AGREEMENT
f382fdd7-639d-42a0-b7e4-ba302ac03564,2,"(Dragon Systems, Inc. (""Dragon Systems""); Modus Media International (""MMI"")"
f382fdd7-639d-42a0-b7e4-ba302ac03564,3,Massachusetts; Netherlands
654f6a9a-448b-4ad8-ab74-3a71f19a4d61,1,Outsourcing Base Agreement
654f6a9a-448b-4ad8-ab74-3a71f19a4d61,2,"(International Business Machines Corporation (""IBM""); Manufacturers' Services Western US Operations, Inc. (""MSL""))"
654f6a9a-448b-4ad8-ab74-3a71f19a4d61,3,New York
0ebe7db3-408c-4258-a56b-7af89a151ca8,1,OUTSOURCING AGREEMENT
0ebe7db3-408c-4258-a56b-7af89a151ca8,2,"WYZZ, Inc. and WYZZ Licensee, Inc. (collectively ""WYZZ""); Peoria, L.L.C. (""NEXSTAR"")"
0ebe7db3-408c-4258-a56b-7af89a151ca8,3,Maryland
0864fd90-7d43-4093-83af-e6f517175a10,1,"ASP and Outsourcing Agreement

Order Form"
0864fd90-7d43-4093-83af-e6f517175a10,2,"E.PIPHANY, INC. (""E.piphany""); HIGH SPEED NET SOLUTIONS, INC. (""HSNS"")"
0864fd90-7d43-4093-83af-e6f517175a10,3,California
f1f072e1-9618-4874-8cdc-4479367b0627,1,"United National Bancorp Enters Into Outsourcing Agreement with the BISYS Group, Inc."
f1f072e1-9618-4874-8cdc-4479367b0627,2,"United National Bancorp (""UNBJ""); United National Bank; BISYS Group, Inc. (""BISYS"")"
f33a9e97-29f5-4a09-969f-18616b049501,1,Reseller Agreement
f33a9e97-29f5-4a09-969f-18616b049501,2,"695014 B.C. Ltd. dba Galaxy Telecom (""Galaxy""); Galaxy Telnet SRL (""Telnet"")"
f33a9e97-29f5-4a09-969f-18616b049501,3,"British Columbia, Canada"
769e3df0-94bb-4e19-ad2f-07f1789cca85,1,RESELLER AGREEMENT
769e3df0-94bb-4e19-ad2f-07f1789cca85,2,"MediaNet Group Technologies, Inc. (""MEDIANET GROUP TECHNOLOGIES""); International Direct Response, Inc. (""RESELLER"")"
769e3df0-94bb-4e19-ad2f-07f1789cca85,3,Florida
5a767171-c65f-42f7-b0d4-35debcf26bf0,1,"Product License Schedule

Software License, Customization and Maintenance Agreement"
5a767171-c65f-42f7-b0d4-35debcf26bf0,2,"Bank of America, N.A. (""Bank of America""); Cardlytics, (""Supplier"")"
5f5b2247-ea9c-4bd1-be14-7f3578af603e,1," Software License, Customization and Maintenance Agreement"
5f5b2247-ea9c-4bd1-be14-7f3578af603e,2,"Cardlytics, Inc. (“Supplier”);  Bank of America, N.A. (“Bank of America”);"
5f5b2247-ea9c-4bd1-be14-7f3578af603e,3,North Carolina
5753bc61-9849-4898-85b5-e647af296ee4,1,AGENCY AGREEMENT
5753bc61-9849-4898-85b5-e647af296ee4,2,"Dundee Securities Ltd.(""Lead Agent""); Kes 7 Capital Inc. and Bloom Burton & Co. Ltd. (collectively with the Lead Agent, ""Agents"" and each individually an ""Agent""); Tribute Pharmaceuticals Canada Inc. (""Corporation"")"
5753bc61-9849-4898-85b5-e647af296ee4,3,"Ontario, Canada"
475f20a8-d843-4420-927e-054d47395591,1,AGENTS’ CERTIFICATE
475f20a8-d843-4420-927e-054d47395591,2,"Tribute Pharmaceuticals Inc. (""Corporation""); [] (""Agent""); [] (""U.S. Affiliate""); U.S. registered broker-dealer affiliate of the Agent"
51efa6e8-4190-467a-bef2-13966837ffa7,1,SUPPLY AGREEMENT
51efa6e8-4190-467a-bef2-13966837ffa7,2,"Integra LifeSciences Corporation (""Integra""); PcoMed, LLC (""PcoMed"")"
51efa6e8-4190-467a-bef2-13966837ffa7,3,New Jersey
14be2f47-973d-40d3-a07f-83d80c3d9d75,1,SUPPLY AGREEMENT
14be2f47-973d-40d3-a07f-83d80c3d9d75,2,"Profound Medical Inc. (""Customer""); Philips Medical Systems Nederland B.V. (""Philips""); (Customer and Philips hereinafter also collectively referred to as the “Parties” and individually as a “Party”)"
14be2f47-973d-40d3-a07f-83d80c3d9d75,3,Netherlands
50c79ff3-efa9-4fdc-8acb-3d3e73cf9f53,1,SUPPLY AGREEMENT
50c79ff3-efa9-4fdc-8acb-3d3e73cf9f53,2,"EWSD 1, LLC, d/b/a SHI FARMS (""Shi Farms""); Gridiron BioNutrients (""Gridiron""); EWSD 1, LLC, d/b/a SHI FARMS and Gridiron BioNutrients (individually “a Party,” and collectively, “the Parties.”)"
50c79ff3-efa9-4fdc-8acb-3d3e73cf9f53,3,Colorado
21c23f96-9f37-4321-a297-83216c9e04b4,1,Supply Agreement
21c23f96-9f37-4321-a297-83216c9e04b4,2,"Miltenyi Biotec GmbH (""Miltenyi""); Bellicum Phamaceuticals, Inc. (""Bellicum""); Miltenyi and Bellicum (individually as a “Party” and collectively as the “Parties”)"
21c23f96-9f37-4321-a297-83216c9e04b4,3,New York
dbfde31a-15b3-4072-8a1e-ae6770c7eeb6,1,SUPPLY AGREEMENT
dbfde31a-15b3-4072-8a1e-ae6770c7eeb6,2,"Florida Chemical Company, LLC (""FCC""); Flotek Chemistry LLC (""Flotek"")"
dbfde31a-15b3-4072-8a1e-ae6770c7eeb6,3,Delaware
a0eb8fc8-c7ea-4193-8497-53763576822f,1,TRANSPORTATION SERVICE AGREEMENT
a0eb8fc8-c7ea-4193-8497-53763576822f,2,"Arkansas Western Pipeline Company (""Transporter""); Associated Natural Gas Company (""Shipper"")"
a0eb8fc8-c7ea-4193-8497-53763576822f,3,Arkansas
18c05b40-081e-4469-8b2a-afac30a9dfc8,1,MARKETING AND TRANSPORTATION SERVICES AGREEMENT
18c05b40-081e-4469-8b2a-afac30a9dfc8,2,"Purolator Courier Ltd. (""Purolator""); Parcelway Courier Systems Canada Ltd. a subsidiary of Dynamex Inc. (""Dynamex"")"
18c05b40-081e-4469-8b2a-afac30a9dfc8,3,"Province of Ontario, Canada"
df497338-4ef9-4803-890c-881535ae0ba8,1,TRANSPORTATION SERVICES AGREEMENT
df497338-4ef9-4803-890c-881535ae0ba8,2,"Marathon Petroleum Company LP (""Shipper""); Marathon Pipe Line LLC (""MPL""); Marathon Petroleum Company LP and Marathon Pipe Line LLC (jointly as ""Parties"" and individually as a ""Party"")"
df497338-4ef9-4803-890c-881535ae0ba8,3,Ohio
8e23f443-3e74-46f6-abc9-80ed42be9722,1,Collaboration Agreement
8e23f443-3e74-46f6-abc9-80ed42be9722,2,"MacroGenics, Inc. (""MacroGenics""); Green Cross Corp. (""Green Cross""); MacroGenics and Green Cross (individually as a “Party” or collectively as the “Parties"")"
0dd58c98-0f19-4591-ac68-72ed471320e6,1,Cooperation Agreement
0dd58c98-0f19-4591-ac68-72ed471320e6,2,"Xi'an Zhonghong New Energy Technology Co., Ltd. (""Party A""); Boxing County Chengli Gas Supply Co., Ltd. (""Party B"")"
f4559c4e-998f-462e-98f3-96a3b1ff5108,1,Cooperation Agreement
f4559c4e-998f-462e-98f3-96a3b1ff5108,2,"Dazzle Interactive Network Technologies Co., Ltd. (""Party A""); Shenzhen iDreamSky Technology Co., Ltd. (""Party B"")"
c49e9b80-3801-4b74-9e08-75b03c7393bc,1,Cooperation Agreement (2014 Amendment)
c49e9b80-3801-4b74-9e08-75b03c7393bc,2,"Nanjing Tuniu Technology Co., Ltd. (""Party A""); Beijing Tuniu Technology Co., Ltd. (""Party B"")"
c49e9b80-3801-4b74-9e08-75b03c7393bc,3,People's Republic of China
0038884e-bf3b-4500-9924-062e3889347e,1,COLLABORATION AGREEMENT
0038884e-bf3b-4500-9924-062e3889347e,2,"Ginkgo Bioworks, Inc. (""Ginko""); Berkely Lights, Inc. (""BLI""); Gingko and BLI (""Party"", collectively as the ""Parties"")"
0038884e-bf3b-4500-9924-062e3889347e,3,Delaware
fef5280d-b9f0-44c6-8c76-60dac2e35da8,1,Intellectual Property Agreement
fef5280d-b9f0-44c6-8c76-60dac2e35da8,2,"Marv Enterprises, LLC (""Marv""); Premier Biomedical, Inc. (""Premier""); Technology Health, Inc. (""THI""); (Each shall be referred to as a “Party” and collectively as the “Parties.”)"
fef5280d-b9f0-44c6-8c76-60dac2e35da8,3,Pennsylvania
17a8ec71-c9df-4f9f-9ea7-5c1d3cda9ff1,1,PROMOTION AGREEMENT
17a8ec71-c9df-4f9f-9ea7-5c1d3cda9ff1,2,"Charity Tunes Inc. (""Charity Tunes""); ConAgra Foods Canada  Inc. (""Sponsor"")"
17a8ec71-c9df-4f9f-9ea7-5c1d3cda9ff1,3,"Ontario, Canada"
6d246a03-f721-4a6d-8cdb-8f92a503802f,1,Promotion and Distribution Agreement
6d246a03-f721-4a6d-8cdb-8f92a503802f,2,"Whitesmoke Inc. (""Distributor""); Google Inc (""Google"")"
6d246a03-f721-4a6d-8cdb-8f92a503802f,3,England
4a155e9c-3e21-43ac-8dac-870c44b7d826,1,Promotion Agreement
4a155e9c-3e21-43ac-8dac-870c44b7d826,2,"Go Call, Inc. (""Go Call""); PageMaster Corporation"
4a155e9c-3e21-43ac-8dac-870c44b7d826,3,California
da8e7aee-7985-4a9f-a23f-c73557b4170f,1,JOINT FILING AGREEMENT
da8e7aee-7985-4a9f-a23f-c73557b4170f,2,"YA II PN, Ltd.; YA Global Investments II (U.S.), Ltd.; Yorkville Advisors Global, LP; Yorkville Advisors Global II, LLC; YAII GP, LP; Yorkville Advisors GP, LLC; D-Beta One EQ, Ltd.; D-Beta One Blocker EQ, Ltd.;
D-Beta One Growth and Opportunity Fund Offshore, LP; D-Beta One GP, LLC; Delta Beta Advisors, LP"
3b53bd16-4e68-4693-bc31-95c05b351839,1,JOINT FILING AGREEMENT
3b53bd16-4e68-4693-bc31-95c05b351839,2,PRAIRIE ECI ACQUIROR LP; PRAIRIE NON-ECI ACQUIROR LP; PRAIRIE VCOC ACQUIROR LP; PRAIRIE SECONDARY ACQUIROR LP; PRAIRIE SECONDARY ACQUIROR E LP; BIP HOLDINGS MANAGER L.L.C.; BLACKSTONE INFRASTRUCTURE ASSOCIATES L.P.; BIA GP L.P.; BIA GP L.L.C.; BLACKSTONE HOLDINGS III L.P.
98bf6a3e-525d-4b41-aa06-8b84cdca3c4b,1,JOINT FILING AGREEMENT
98bf6a3e-525d-4b41-aa06-8b84cdca3c4b,2,"CLARUS IV-A, L.P.; CLARUS IV-B, L.P.; CLARUS IV-C, L.P.; CLARUS IV-D, L.P.; CLARUS IV GP, L.P.; BLACKSTONE CLARUS GP L.P.; BLACKSTONE CLARUS GP L.L.C.; BLACKSTONE HOLDINGS I/II GP L.L.C.; THE BLACKSTONE GROUP INC.; BLACKSTONE GROUP MANAGEMENT L.L.C."
c2f2faf0-23f8-40e4-97ca-0b887b8c6377,1,Strategic Alliance Agreement
c2f2faf0-23f8-40e4-97ca-0b887b8c6377,2,"Bravatek Solutions (""Bravatek""); Sibannac Inc. (""COMPANY"")"
c2f2faf0-23f8-40e4-97ca-0b887b8c6377,3,Texas
636b450c-7c44-480b-84f4-3bbade8ef34e,1,STRATEGIC ALLIANCE AGREEMENT
636b450c-7c44-480b-84f4-3bbade8ef34e,2,"Hyatt Franchising Latin America, L.L.C. (""Hyatt""); Playa Hotels & Resorts, B.V. (""Playa""); Hyatt and Playa (each a “Party” and collectively as the “Parties”)"
636b450c-7c44-480b-84f4-3bbade8ef34e,3,Illinois
26309bea-ca77-4003-9b78-aeea61d9cd38,1,Cooperation Agreement
26309bea-ca77-4003-9b78-aeea61d9cd38,2,"VA Partners I, LLC, ValueAct Capital Master Fund, L.P., ValueAct Capital Management, L.P., ValueAct Capital Management, LLC, ValueAct Holdings, L.P. (collectively, the “ValueAct Group”, and individually a “member” of the ValueAct Group); Allison Transmission Holdings, Inc. (the “Company”); Gregory P. Spivy (the “ValueAct Designee”)"
26309bea-ca77-4003-9b78-aeea61d9cd38,3,Delaware
3d2ed962-721d-4d16-a775-7c9f0ec51b1c,1,COLLABORATION AGREEMENT
3d2ed962-721d-4d16-a775-7c9f0ec51b1c,2,"Xencor, Inc (""XENCOR""); Boehringer Ingelheim International GmbH (""BII""); BII and XENCOR (each a “Party” and collectively “Parties”)"
3d2ed962-721d-4d16-a775-7c9f0ec51b1c,3,New York
dca99111-9b22-40d3-87fa-78f08b0d2e7d,1,PROMOTION AGREEMENT
dca99111-9b22-40d3-87fa-78f08b0d2e7d,2,"Janssen Biotech, Inc. (""Janssen”); Immunomedics, Inc. (""Company"")"
dca99111-9b22-40d3-87fa-78f08b0d2e7d,3,New York
01652141-1aae-4953-8da3-f86436a0519f,1,Joint Venture Agreement
01652141-1aae-4953-8da3-f86436a0519f,2,"Tate & Lyle Fermentation Products Ltd. (""T&L""); Tate & Lyle PLC; Igene Biotechnology, Inc. (""Igene""); (collectively ""Parties""); (each ""Party"")"
01652141-1aae-4953-8da3-f86436a0519f,3,Delaware
017647af-7a90-4cd7-a85a-479919a572e6,1,JOINT FILING AGREEMENT
017647af-7a90-4cd7-a85a-479919a572e6,2,ABP TRUST; ADAM D. PORTNOY
5f164494-b20b-4536-bc52-5dbeb6830d08,1,JOINT VENTURE AGREEMEN
5f164494-b20b-4536-bc52-5dbeb6830d08,2,"MJ Syndicated, Inc.; SIMPLY HERBAL; individually and collectively ""JVP"""
5f164494-b20b-4536-bc52-5dbeb6830d08,3,Florida
3b3a157a-ee27-412a-8c5b-426b20cdd4a1,1,JOINT FILING AGREEMENT
3b3a157a-ee27-412a-8c5b-426b20cdd4a1,2,"UNIFORM INVESTCO LP; UNIFORM INVESTCO GP LLC; THE VÄRDE FUND VI-A, L.P.; VÄRDE INVESTMENT PARTNERS, L.P.; VÄRDE INVESTMENT PARTNERS (OFFSHORE) MASTER, L.P.; VÄRDE INVESTMENT PARTNERS G.P., LLC; THE VÄRDE SKYWAY MASTER FUND, L.P.;THE VÄRDE SKYWAY FUND G.P., L.P.; THE VÄRDE SKYWAY FUND UGP, LLC; THE VÄRDE FUND XII (MASTER), L.P.; THE VÄRDE FUND XII G.P., L.P.; THE VÄRDE FUND XII UGP, LLC; VÄRDE CREDIT PARTNERS MASTER, L.P."
c713ff81-f918-4b38-8694-caf1324eedc2,1,JOINT FILING AGREEMENT
c713ff81-f918-4b38-8694-caf1324eedc2,2,VESA EQUITY INVESTMENT S.À R.L.; EP INVESTMENT S.À R.L.;  DANIEL KŘETÍNSKÝ
491c9094-299c-459a-9178-af94eb7bcfd7,1,JOINT FILING AGREEMENT
491c9094-299c-459a-9178-af94eb7bcfd7,2,"Bank of America Corporatino, Banc of America Preferred Funding Corporation"
171335ca-c037-4ffc-aade-be64cffeded1,1,JOINT FILING AGREEMENT
171335ca-c037-4ffc-aade-be64cffeded1,2,UBS ONCOLOGY IMPACT FUND L.P.; ONCOLOGY IMPACT FUND (CAYMAN) MANAGEMENT L.P.; MPM ONCOLOGY IMPACT MANAGEMENT LP; MPM ONCOLOGY IMPACT MANAGEMENT GP LLC
72b6675a-002c-4ccc-8481-c56337853546,1,JOINT FILING AGREEMENT
72b6675a-002c-4ccc-8481-c56337853546,2,"HPS INVESTMENT PARTNERS, LCC; HPS MEZZANINE PARTNERS II, LLC; HPS MEZZANINE PARTNERS II OFFSHORE GP, L.P.; MEZZANINE PARTNERS - OFFSHORE INVESTMENT MASTER FUND II, L.P.; MEZZANINE PARTNERS II OFFSHORE LUX S.À R.L; MEZZANINE PARTNERS II OFFSHORE LUX S.À R.L II; HPS MEZZANINE PARTNERS II GP, L.P.; MEZZANINE PARTNERS II, L.P.; MEZZANINE PARTNERS II ONSHORE LUX S.À R.L; MEZZANINE PARTNERS II ONSHORE LUX S.À R.L II"
0919dd30-af23-402b-aba4-6049d12af853,1,INTELLECTUAL PROPERTY AGREEMENT
0919dd30-af23-402b-aba4-6049d12af853,2,"Visualant Incorporated (""Company""); Kenneth Turpin (""Turpin"")"
0919dd30-af23-402b-aba4-6049d12af853,3,"British Columbia, Canada"
d8228214-6b31-461a-832e-acab7fa4f2fa,1,INTELLECTUAL PROPERTY AGREEMENT
d8228214-6b31-461a-832e-acab7fa4f2fa,2,"WestRock Company (""Parent""); Ingevity Corporation (""SpinCo""); SpinCo and Parent (individually referred to herein as a “Party” and collectively as the “Parties”)"
b03efd28-017a-4a12-943d-aef571fa973b,1,INTELLECTUAL PROPERTY AGREEMENT
b03efd28-017a-4a12-943d-aef571fa973b,2,"The Babcock and Wilcox Company (""RemainCo""); Babcock and Wilcox Enterprises, Inc. (""SpinCo""); individually as a “Party,” and collectively as the “Parties”"
b03efd28-017a-4a12-943d-aef571fa973b,3,Delaware
87f9898c-d036-4f24-83fa-6967ddf3f34a,1,"AMENDMENT TO SECTION 2, PART B OF THE CO-BRANDING AGREEMENT"
87f9898c-d036-4f24-83fa-6967ddf3f34a,2,"PC Quote, Inc. (""PCQ""); A.B. Watley, Inc. (""ABW"")"
587ea4a1-e08f-4ecb-80a6-e0ed4e1dc1c4,1,CO-BRANDING AGREEMENT
587ea4a1-e08f-4ecb-80a6-e0ed4e1dc1c4,2,"PC QUOTE, INC. (""PCQ""); AB Wately, Inc. and all of its subsidiaries and related companies (""ABW"" )"
587ea4a1-e08f-4ecb-80a6-e0ed4e1dc1c4,3,Illinois
955486c4-bd3b-4c62-ad46-6d0c4d99dbfd,1,GUARANTEES OF MASTER FRANCHISE AGREEMENT
955486c4-bd3b-4c62-ad46-6d0c4d99dbfd,2,"Kiosk Concepts, Inc. (""Franchisor""); (""Master Franchisee""); (""Guarantors"")"
d3e45373-7ef0-4879-b28b-b5f42aef4cfd,1,MASTER FRANCHISE AGREEMENT
d3e45373-7ef0-4879-b28b-b5f42aef4cfd,2,"Kiosk Concepts Inc. (""we"", ""us"", ""our""); The Grilled Cheese Truck, Inc. (""you"", ""your"", ""Master Franchisee"")"
d3e45373-7ef0-4879-b28b-b5f42aef4cfd,3,New York
5c98ef9a-a672-415b-b5e9-af8d9beaa233,1,ADDENDUM REQUIRED BY THE DEPARTMENT OF LAW OF THE STATE OF NEW YORK
5c98ef9a-a672-415b-b5e9-af8d9beaa233,2,"KIOSK CONCEPTS, INC.; THE GRILLED CHEESE TRUCK, INC."
feb6c3c7-7a58-43ab-9ded-010474ae3821,1,SERVICES AGREEMENT
feb6c3c7-7a58-43ab-9ded-010474ae3821,2,"FEDERATED INVESTMENT MANAGEMENT COMPANY (""Adviser""); FEDERATED ADVISORY SERVICES COMPANY (""FASC"")"
feb6c3c7-7a58-43ab-9ded-010474ae3821,3,Pennsylvania
cd8bfa51-81f1-448e-8d0f-e03e1f11d272,1,SECOND AMENDMENT TO SERVICES AGREEMENT
cd8bfa51-81f1-448e-8d0f-e03e1f11d272,2,"FEDERATED INVESTMENT MANAGEMENT COMPANY (""Adviser""); FEDERATED ADVISORY SERVICES COMPANY (""FASC"")"
cd8bfa51-81f1-448e-8d0f-e03e1f11d272,3,Pennsylvania
6572b46c-41f4-4b3c-a41e-454d2109d27b,1,LIMITED POWER OF ATTORNEY
6572b46c-41f4-4b3c-a41e-454d2109d27b,2,"FEDERATED INVESTMENT MANAGEMENT COMPANY (""Adviser""); FEDERATED ADVISORY SERVICES COMPANY (""FASC"")"
6572b46c-41f4-4b3c-a41e-454d2109d27b,3,Pennsylvania
78884feb-5ca2-4352-96e2-8143c802fbac,1,NON COMPETITION AGREEMENT AND RIGHT OF FIRST OFFER
78884feb-5ca2-4352-96e2-8143c802fbac,2,"Glamis Gold Ltd. and all of its subsidiaries and other Affiliates (""Glamis""); Western Copper Corporation and all of its subsidiaries and other Affiliates (""Western Copper"")"
78884feb-5ca2-4352-96e2-8143c802fbac,3,British Columbia
6aef9e14-c19c-4bf7-8d36-bdbaf56c0edd,1,Collaboration Agreement
6aef9e14-c19c-4bf7-8d36-bdbaf56c0edd,2,"F. Hoffmann-La Roche Ltd (""Roche Basel""); Hoffmann-La Roche Inc. (“Roche US”)(Roche Basel and Roche US together referred to as “Roche”); Foundation Medicine, Inc. (""FMI"")"
6aef9e14-c19c-4bf7-8d36-bdbaf56c0edd,3,New York
ad8ef0fa-528a-41bd-a373-0f3c89a8bd04,1,JOINT VENTURE AGREEMENT
ad8ef0fa-528a-41bd-a373-0f3c89a8bd04,2,Novo Integrated Sciences Inc. (“NVOS”); Harvest Gold Farms Inc. (“HGF”); NVOS and HGF (collectively as the “Parties” and separately as a “Party”)
b75523b8-af86-417a-a12f-3a2710e15eaf,1,STRATEGIC ALLIANCE AGREEMENT
b75523b8-af86-417a-a12f-3a2710e15eaf,2,Dialog Semiconductor (UK) Ltd. (“DIALOG”); Energous Corporation (“ENERGOUS”)
b75523b8-af86-417a-a12f-3a2710e15eaf,3,California
deff093c-a86b-4e9d-b621-5789668f9699,1,JOINT VENTURE AGREEMENT
deff093c-a86b-4e9d-b621-5789668f9699,2,"BorrowMoney.com, inc.; JVLS, LLC;  BorrowMoney.com, inc.; JVLS, LLC (individually the ""Member"" and collectively the ""Members"")"
3cb32aa4-7d54-41d5-96d4-956b1528a213,1,"AMENDMENT AND TERMINATION 

OF 

JOINT VENTURE AGREEMENT"
3cb32aa4-7d54-41d5-96d4-956b1528a213,2,"Veoneer AB (“VeoneerAB”); Veoneer US, Inc. (“Veoneer US"", and together with Veoneer AB, the “Veoneer Parties”); Nissin Kogyo Co., Ltd. (“Nissin”); Nissin Kogyo Holdings USA, Inc. (“NissinHolding”); Zhongshan Nissin Industry Co., Ltd. (“NBZ”, and together with Nissin andNissin Holding, the “Nissin Parties”)"
3cb32aa4-7d54-41d5-96d4-956b1528a213,3,Japan
7a143a90-31a5-4aa2-9897-82dc4b9b84cb,1,JOINT VENTURE AGREEMENT
7a143a90-31a5-4aa2-9897-82dc4b9b84cb,2,"IMPCO Technologies Inc. including its successors and permitted assigns (""IMPCO""); MINDA INDUSTRIES LIMITED including its successors and permitted assigns (""MIL""), Nirmal K. MINDA including his heirs, executors, administrators or successors and permitted assigns (""MINDA"")"
7a143a90-31a5-4aa2-9897-82dc4b9b84cb,3,India
9bd50c9b-cb69-4629-9068-96a2e8234c16,1,AFFILIATE AGREEMENT
9bd50c9b-cb69-4629-9068-96a2e8234c16,2,"Gulf South Medical Supply, Inc. (""GSMS""); Physician Sales & Service, Inc. (""PSS""); PSS Merger Corp."
9bd50c9b-cb69-4629-9068-96a2e8234c16,3,Delaware
170f4339-fbf6-4a46-9c8e-d65be05b2885,1,AGENCY AGREEMENT
170f4339-fbf6-4a46-9c8e-d65be05b2885,2,"General Electric Capital Corporation together with its successors and assigns, if any (“Lessor”); Duckwall-Alco Stores, Inc. (the “Company”)"
5d38c155-85cf-4609-b0c1-64568730316f,1,AGENCY AGREEMENT
5d38c155-85cf-4609-b0c1-64568730316f,2,"Mutual Insurance Corporation of America (MICOA); Stratton, Cheeseman & Walsh-Nevada, Inc. (""Agency""); (sometimes commonly referred to as the Parties)"
5d38c155-85cf-4609-b0c1-64568730316f,3,Nevada
0571b5db-8139-4eec-978b-c1cd0d85bba1,1,AGENCY AGREEMENT
0571b5db-8139-4eec-978b-c1cd0d85bba1,2,"El Banco Financial Corporation (the ""Company""); sales agent (the ""Agent"" or ""you"")"
0571b5db-8139-4eec-978b-c1cd0d85bba1,3,Georgia
99c31bc7-eb79-462a-885e-09cab7821997,1,AGENCY AGREEMENT
99c31bc7-eb79-462a-885e-09cab7821997,2,"Blue Hills Bancorp, Inc. (“Holding Company”); Hyde Park Bancorp, MHC (“MHC”); Hyde Park Bancorp, Inc. (“Mid­Tier”); Blue Hills Bank (“Bank”); Bruyette & Woods, Inc. (“Agent”)"
99c31bc7-eb79-462a-885e-09cab7821997,3,New York
561005dd-eab0-4773-80a2-ab6977052793,1,STRATEGIC ALLIANCE AGREEMENT
561005dd-eab0-4773-80a2-ab6977052793,2,"The University of Texas M. D. Anderson Cancer Center (""MD Anderson""); Adaptimmune LLC (""Adaptimmune""); Adaptimmune Limited (""Adaptimmune Limited""); (MD Anderson and Adaptimmune each a “Party” and collectively the “Parties”)"
561005dd-eab0-4773-80a2-ab6977052793,3,Texas
143aa266-2a84-4d2c-b96a-30068e7103cd,1,Strategic Alliance Agreement
143aa266-2a84-4d2c-b96a-30068e7103cd,2,"Cool Technologies Inc. (""COOL TECH""); VETERAN TECHNOLOGY GROUP, LLC (""VET TECH"")"
143aa266-2a84-4d2c-b96a-30068e7103cd,3,Missouri
b1cf80fa-4136-453b-994c-c34d0ff431f1,1,Strategic Alliance Agreement
b1cf80fa-4136-453b-994c-c34d0ff431f1,2,"System Associates, Inc. (""ISA""); Rubicon Software Group plc (""Rubicon"")"
b1cf80fa-4136-453b-994c-c34d0ff431f1,3,Florida
99e34643-5272-4df3-8f2a-0c860b4e6bd3,1,STRATEGIC ALLIANCE AGREEMENT
99e34643-5272-4df3-8f2a-0c860b4e6bd3,2,"NORTHERN TELECOM LIMITED (""NTL""); ENTRUST TECHNOLOGIES INC. (""ETI"")"
99e34643-5272-4df3-8f2a-0c860b4e6bd3,3,"Province of Ontario, Canada"
804d8308-b132-4e97-8bb1-1992c5a18762,1,Strategic Alliance Agreement
804d8308-b132-4e97-8bb1-1992c5a18762,2,"Giggles N' Hugs, Inc. (""Company""); Kiddo, Inc. (""Consultant"")"
804d8308-b132-4e97-8bb1-1992c5a18762,3,California
53872b56-40ba-44c9-b660-299020da4b13,1,Strategic Alliance Agreement
53872b56-40ba-44c9-b660-299020da4b13,2,"IMedicor, Inc (""IMedicor""); USA Managed Care Organization (""USA MCO"")"
53872b56-40ba-44c9-b660-299020da4b13,3,New York
5a038f8a-f087-4bf6-87d6-7928a78f7f6d,1,Strategic Alliance Agreement
5a038f8a-f087-4bf6-87d6-7928a78f7f6d,2,"Bravatek Solutions, Inc. (""Bravatek""); Fazync LLC (""Fazync"")"
5a038f8a-f087-4bf6-87d6-7928a78f7f6d,3,Texas
d7856751-56e7-46f7-8c39-78aeec99246b,1,  Strategic Alliance Agreement
d7856751-56e7-46f7-8c39-78aeec99246b,2,"IntriCon Corporation (""IntriCon""); Dynamic Hearing Pty Ltd (""Dynamic Hearing"")"
d7856751-56e7-46f7-8c39-78aeec99246b,3,"Victoria, Australia"
7bd9571d-e88f-4ee3-829e-d7eeb2f1f349,1,Strategic Alliance Agreement
7bd9571d-e88f-4ee3-829e-d7eeb2f1f349,2,"UTEK Corporation (""UTEK""); Manakoa Services Corporation (""MKOS"")"
3dfd88ee-3c5d-4538-bdf9-5d3207dd16bc,1,Strategic Alliance Agreement
3dfd88ee-3c5d-4538-bdf9-5d3207dd16bc,2,"UTEK Corporation (""UTK""); World Energy Solutions (""AVDU"")"
7f03ffe5-9afe-40e4-bdb3-843ebecfc935,1,STRATEGIC ALLIANCE AGREEMENT
7f03ffe5-9afe-40e4-bdb3-843ebecfc935,2,"PHL VARIABLE INSURANCE COMPANY (""PHLVIC""); PHOENIX LIFE INSURANCE COMPANY (""PLIC"", together with PHLVIC, “PHL Variable”); PHOENIX EQUITY PLANNING CORPORATION (""PEPCO"", together with PHLVIC and PLIC,  the “PHL Parties”); INVESTORS CAPITAL CORPORATION (""ICC"")"
7f03ffe5-9afe-40e4-bdb3-843ebecfc935,3,Connecticut
9bbc1aef-e681-4dc6-9d6c-6a7bac683bde,1,Strategic Alliance Agreement
9bbc1aef-e681-4dc6-9d6c-6a7bac683bde,2,"Yaskawa Electric Corporation (""YEC""); Argo Medical Technologies Ltd. (""ARGO"")"
9bbc1aef-e681-4dc6-9d6c-6a7bac683bde,3,Israel
e39d9b44-0c3b-468d-ba84-eaacc2240203,1,STRATEGIC ALLIANCE AGREEMENT
e39d9b44-0c3b-468d-ba84-eaacc2240203,2,"KALLO Inc. (""KALLO""); Petro data Management Services Limited. (""PDMS""); Gateway Global Fabrication Ltd. (""Gateway"")"
e39d9b44-0c3b-468d-ba84-eaacc2240203,3,"Ontario, Canada"
3b84f019-e921-414a-b277-fcc158b1a5f0,1,"STRATEGIC ALLIANCE AGREEMENT, d"
3b84f019-e921-414a-b277-fcc158b1a5f0,2,"Farids & Co. LLC (""Farids""); Edible Arrangements, LLC (""EA""); Rocky Mountain Chocolate Factory, Inc. (""Company"")"
3b84f019-e921-414a-b277-fcc158b1a5f0,3,New York
6cc168a7-b85a-4418-b6ff-d66d49bfc5b8,1,Strategic Alliance Agreement
6cc168a7-b85a-4418-b6ff-d66d49bfc5b8,2,"Turnkey Capital Inc. (""TKCI""); Seminole Indian Company (""SIC"")"
6cc168a7-b85a-4418-b6ff-d66d49bfc5b8,3,Florida
817b7214-5345-482e-9b9d-814f31ff3397,1,STRATEGIC ALLIANCE AGREEMENT
817b7214-5345-482e-9b9d-814f31ff3397,2,"PPD Development, LP (""PPD""); VirtualScopics, Inc (""VS"")"
817b7214-5345-482e-9b9d-814f31ff3397,3,Delaware
0bca6334-ac36-4d4c-8975-bc13ca3794c3,1,STRATEGIC ALLIANCE AGREEMENT
0bca6334-ac36-4d4c-8975-bc13ca3794c3,2,"BOSCH INTERNATIONAL, LLC (""CLIENT""); BOSCH TECHNOLOGIES, LLC (""BOSCH"")"
9f14f438-c8e1-4879-9da4-419f0227725a,1,COLLABORATION AGREEMENT
9f14f438-c8e1-4879-9da4-419f0227725a,2,"Capsugel US, LLC (""CAPSUGEL""); Cardax, Inc. (""CARDAX""); CARDAX and CAPSUGEL (each a “Party” and together the “Parties”)"
9f14f438-c8e1-4879-9da4-419f0227725a,3,New York
329dfcce-0d89-46ec-9cfb-4f6759fcd5c8,1, Cooperation Agreement 
329dfcce-0d89-46ec-9cfb-4f6759fcd5c8,2,"Beike Internet Security Technology Co., Ltd. (""Party A""); Baidu Online Network Technology (Beijing) Co., Ltd.  (""Party B"")"
329dfcce-0d89-46ec-9cfb-4f6759fcd5c8,3,People's Republic of China
676cbe09-6b53-474e-b6cd-b4e8b21b0671,1,Cooperation Agreement (
676cbe09-6b53-474e-b6cd-b4e8b21b0671,2,"e.l.f. Beauty, Inc. (""Company"", ""Party""); Marathon Partners Equity Management, LLC (""Marathon Partners"", ""Party"", collectively with Marathon Partners L.P., Marathon Focus Fund L.P., Marathon Partners LUX Fund, L.P., Cibelli Research & Management, LLC, and Mario Cibelli, the ""Marathon Parties""); Marathon Partners L.P. (""Party"", collectively with Marathon Partners Equity Management, LLC, Marathon Focus Fund L.P.,Marathon Partners LUX Fund, L.P., Cibelli Research & Management, LLC, and Mario Cibelli, the ""Marathon Parties""); Marathon Focus Fund L.P.  (""Party"", collectively with Marathon Partners Equity Management, LLC, Marathon Partners L.P., Marathon Partners LUX Fund, L.P., Cibelli Research & Management, LLC, and Mario Cibelli, the ""Marathon Parties""); Marathon Partners LUX Fund, L.P. (""Party"", collectively with Marathon Partners Equity Management, LLC, Marathon Partners L.P., Marathon Focus Fund L.P., Cibelli Research & Management, LLC, and Mario Cibelli, the ""Marathon Parties""); Cibelli Research & Management, LLC (""Party"", collectively with Marathon Partners Equity Management, LLC, Marathon Partners L.P., Marathon Focus Fund L.P., Marathon Partners LUX Fund, L.P., and Mario Cibelli, the ""Marathon Parties""); Mario Cibelli (""Party"", collectively with Marathon Partners Equity Management, LLC, Marathon Partners L.P., Marathon Focus Fund L.P., Marathon Partners LUX Fund, L.P., and Cibelli Research & Management, LLC, the ""Marathon Parties"")"
676cbe09-6b53-474e-b6cd-b4e8b21b0671,3,Delaware
bf91360a-790b-46c6-a412-f518a9f6a622,1,COLLABORATION AGREEMENT (“A
bf91360a-790b-46c6-a412-f518a9f6a622,2,"FibroGen, Inc. (""FG"", ""FibroGen""); Astellas Pharma Inc. (""Astellas"")"
bf91360a-790b-46c6-a412-f518a9f6a622,3,California
99ecbab7-ff09-4cce-9634-b02773992b57,1,COOPERATION AGREEMENT
99ecbab7-ff09-4cce-9634-b02773992b57,2,"HPIL ENERGYTECH Inc. (""HPIL ET""); GINARES GROUP AG (""GINARES""); HPIL ET and GINARES (individually as ""Party, or collectively the ""Parties"")"
99ecbab7-ff09-4cce-9634-b02773992b57,3,Nevada
f8a18f56-1089-4c13-8897-efb16350e943,1,COOPERATION AGREEMENT
f8a18f56-1089-4c13-8897-efb16350e943,2,"Meet Group, Inc. (""Company""); HARVEST SMALL CAP PARTNERS MASTER, LTD (""Investor"", collectively, the “Investors” or, with their respective affiliates and associates, the “Investor Group”); HARVEST SMALL CAP PARTNERS, L.P.  (“Investor” and collectively, the “Investors” or, with their respective affiliates and associates, the “Investor Group”); HARVEST CAPITAL STRATEGIES LLC (""Investor” and collectively, the “Investors” or, with their respective affiliates and associates, the “Investor Group”)"
f8a18f56-1089-4c13-8897-efb16350e943,3,Delaware
5dadd8ab-b073-4c5b-9886-5f6d9615548e,1,Cooperation Agreement
5dadd8ab-b073-4c5b-9886-5f6d9615548e,2,"Otkritie Investments Cyprus Limited (“OICL” and together with its Affiliates, “Otkritie”); QIWI plc (“QIWI”, and, together with its Affiliates, “QIWI Group”); OICL and QIWI (individually as ""Parties"" and together as ""Parties"")"
5dadd8ab-b073-4c5b-9886-5f6d9615548e,3,England and Wales
e7e56316-7a6d-4d00-b106-0367f635cbf2,1,Cooperation Agreement
e7e56316-7a6d-4d00-b106-0367f635cbf2,2,"People’s Government of Fenyi County (""Party A""); Xinyu Xinwei New Energy Co., Ltd. (""Party B"")"
77d2f6b4-ba1e-46d1-8742-d6623d9368e7,1,Cooperation Agreement
77d2f6b4-ba1e-46d1-8742-d6623d9368e7,2,"Spôk Holdings, Inc. (""Company""); White Hat Strategic Partners LP; White Hat SP GP LLC; White Hat Capital Partners LP; White Hat Capital Partners GP LLC; (collectively the ""White Hat Parties""); each of the Company and White Hat Parties a ""Party""' collectively ""Parties"""
77d2f6b4-ba1e-46d1-8742-d6623d9368e7,3,Delaware
919ddd68-8b70-497f-924a-a96d7d4ec2df,1,COOPERATION AGREEMENT
919ddd68-8b70-497f-924a-a96d7d4ec2df,2,"JANA Partners LLC (""JANA""); URS Corporation (""Company"")"
919ddd68-8b70-497f-924a-a96d7d4ec2df,3,Delaware
78da79e6-9ffd-4eaa-a0e8-0e54858378f9,1,INTELLECTUAL PROPERTY AGREEMENT
78da79e6-9ffd-4eaa-a0e8-0e54858378f9,2,"Equifax Inc. (""Equifax""); Certegy Inc. (""Certegy"")"
78da79e6-9ffd-4eaa-a0e8-0e54858378f9,3,Georgia
f71be1b4-ea81-4a02-98aa-0048c66d1296,1,INTELLECTUAL PROPERTY AGREEMENT
f71be1b4-ea81-4a02-98aa-0048c66d1296,2,"Armstrong Flooring, Inc. (""Seller""); AFI Licensing LLC (""Licensing""); AFI Licensing LLC together with Armstrong Flooring, Inc. (""Arizona""); AHF Holding, Inc. (""Buyer""); Armstrong Hardwood Flooring Company (""Company""); AHF Holding, Inc. together with Armstrong Hardwood Flooring Company (""Buyer Entities""); (each of Arizona on the one hand and the Buyer Entities on the other hand, a “Party” and collectively, the “Parties”)"
f71be1b4-ea81-4a02-98aa-0048c66d1296,3,Delaware
2b42ac3c-2bcf-4775-a963-d84980a240c1,1,Intellectual Property Agreement
2b42ac3c-2bcf-4775-a963-d84980a240c1,2,"GSI Technology, Inc. (""PURCHASER""); Sony Electronics Inc. (""SONY""); individually as a ""party"", collectively as the ""parties"""
2b42ac3c-2bcf-4775-a963-d84980a240c1,3,California
4c98c8a8-40e8-4369-875b-2e6ce6252843,1,INTELLECTUAL PROPERTY AGREEMENT
4c98c8a8-40e8-4369-875b-2e6ce6252843,2,"THE HERTZ CORPORATION (""THC""); HERTZ SYSTEM, INC. (""HSI""); HERC RENTALS INC. (""HERC""); (hereinafter referred to collectively the ""Parties"", and individually as a ""party"""
4c98c8a8-40e8-4369-875b-2e6ce6252843,3,New York
07ea333e-d6c0-4c32-aa1d-eec225491304,1,Intellectual Property Agreement
07ea333e-d6c0-4c32-aa1d-eec225491304,2,"JingWei HengTong Technology (""ShenZhen""); ShenZhen JingWei Communication Co., Ltd."
07ea333e-d6c0-4c32-aa1d-eec225491304,3,People's Republic of China
5dcfc046-c14c-4af4-a2e2-878fe652381a,1,Intellectual Property Agreement
5dcfc046-c14c-4af4-a2e2-878fe652381a,2,"Morgan Stanley & Co. Incorporated (""MS""); MSCI Inc. (""MSCI""); MS and MSCI individually as ""Party"" and collectively as the ""Parties"""
5dcfc046-c14c-4af4-a2e2-878fe652381a,3,New York
64a16914-37ac-4738-a501-32a7be68aa01,1,INTELLECTUAL PROPERTY AGREEMENT
64a16914-37ac-4738-a501-32a7be68aa01,2,"United Technologies Corporation (""UTC""); Otis Worldwide Corporation (""Otis""); Carrier Global Corporation (""Carrier""); each a ""Party"", and together, the ""Parties"""
64a16914-37ac-4738-a501-32a7be68aa01,3,Delaware
dc40658c-a8e4-45de-893e-882961a1df51,1,INTELLECTUAL PROPERTY AGREEMENT
dc40658c-a8e4-45de-893e-882961a1df51,2,"NMS Communications Corp. (""Seller""); Verson Backhaul Solutions, Inc. (""Backhaul"")"
dc40658c-a8e4-45de-893e-882961a1df51,3,Georgia
9e2802de-6288-4ad0-91e6-8e18fb963a9f,1,INTELLECTUAL PROPERTY AGREEMENT
9e2802de-6288-4ad0-91e6-8e18fb963a9f,2,"Motorola Solutions, Inc. (""Seller""); Zebra Technologies Corporation (""Purchaser"")"
9e2802de-6288-4ad0-91e6-8e18fb963a9f,3,Delaware
f3fd5672-2be3-4d58-8a80-f37bf715f420,1,DISTRIBUTOR AGREEMENT
f3fd5672-2be3-4d58-8a80-f37bf715f420,2,"Snotarator LLC (""Company""); SMSA Ballinger Acquisition Corp., (""Distributor"")"
f3fd5672-2be3-4d58-8a80-f37bf715f420,3,Texas
8ad5fc42-6e1b-4219-b642-c09b97e0e95f,1,DISTRIBUTOR AGREEMENT
8ad5fc42-6e1b-4219-b642-c09b97e0e95f,2,"Tripath Technology, Inc. (""Tripath""); Uniquest Corporation (""Distributor"")"
8ad5fc42-6e1b-4219-b642-c09b97e0e95f,3,California
f636dbf8-86d6-4bc9-9e1f-9721d183d39d,1,DISTRIBUTOR AGREEMENT
f636dbf8-86d6-4bc9-9e1f-9721d183d39d,2,"WatchGuard Technologies, Inc. (""WGT""); European Micro (""Distributor"")"
f636dbf8-86d6-4bc9-9e1f-9721d183d39d,3,Washington
7be82593-1dc4-4c24-8027-24c8cbcc3323,1,EXCLUSIVE   DISTRIBUTOR  AGREEMENT
7be82593-1dc4-4c24-8027-24c8cbcc3323,2,"LifeUSA/  Envision  Health,  Inc. (""ENVISION""); Sierra Mountain Minerals, Inc. (""SIERRA"")"
7be82593-1dc4-4c24-8027-24c8cbcc3323,3,Colorado
7a2f420d-e323-4bd5-b0bc-4e240d8f42f2,1,Distributor Agreement
7a2f420d-e323-4bd5-b0bc-4e240d8f42f2,2,"Lucid Inc.; [*] (""Distributor"")"
7a2f420d-e323-4bd5-b0bc-4e240d8f42f2,3,New York
c9dfe98e-23e2-4369-9461-29299bb167da,1,DISTRIBUTOR AGREEMENT
c9dfe98e-23e2-4369-9461-29299bb167da,2,"PPG Paints Trading (Shanghai) Co Ltd (""PPG Shanghai""); NeoMedia Micro Paint Repair (""DISTRIBUTOR"")"
c9dfe98e-23e2-4369-9461-29299bb167da,3,People's Republic of China
ad04ef04-bab1-4c48-9382-5a6ce38108bd,1,DISTRIBUTOR AGREEMENT
ad04ef04-bab1-4c48-9382-5a6ce38108bd,2,"JOHNSON MATTHEY CATALOG COMPANY, INC. d/b/a ALFA AESAR (“ALFA AESAR”); Nanophase Technologies Corporation (“NTC”)"
ad04ef04-bab1-4c48-9382-5a6ce38108bd,3,"Delaware, Illinois"
ae4275f4-673f-4408-a98d-bc7d37d540a9,1,DISTRIBUTOR AGREEMENT
ae4275f4-673f-4408-a98d-bc7d37d540a9,2,"Wireless Links Inc (""WLI""); Jaguar Investments, Inc. and its affiliates (""Power2Ship"")"
ae4275f4-673f-4408-a98d-bc7d37d540a9,3,New Jersey
05097bf4-dae2-4b95-9659-bc64847788be,1,Transportation Agreement
05097bf4-dae2-4b95-9659-bc64847788be,2,"Energy XXI Gulf Coast, Inc. (""Shipper""); Energy XXI USA, Inc. (""Transporter"");Shipper and Transporter (individually as a “Party” or collectively as the “Parties”)"
05097bf4-dae2-4b95-9659-bc64847788be,3,Texas
6ae9a1a0-dddc-4441-8e0b-cae578268ea2,1,MARINE TRANSPORTATION AGREEMENT
6ae9a1a0-dddc-4441-8e0b-cae578268ea2,2,"Martin Operating Partnership L.P. (""Owner""); Midstream Fuel Service LLC (""Charterer"")"
6ae9a1a0-dddc-4441-8e0b-cae578268ea2,3,Texas
f262c6d4-9f7b-48b6-a8d0-2e00f921ac85,1,ENDORSEMENT AGREEMENT
f262c6d4-9f7b-48b6-a8d0-2e00f921ac85,2,"TOM WATSON (""CONSULTANT""); ADAMS GOLF, LTD. (""ADAMS GOLF"")"
f262c6d4-9f7b-48b6-a8d0-2e00f921ac85,3,Kansas
0cfdfd2a-a9ff-4b6c-a28a-9b5ceeee3e7e,1,Endorsement Agreement
0cfdfd2a-a9ff-4b6c-a28a-9b5ceeee3e7e,2,"Kathy Ireland, Inc. (""KI Inc.""); Kathy Ireland (""KI""); The Sterling/Winters Co. (""SW""); Diplomat Ambassador Eyewear Group (""Diplomat"")"
0cfdfd2a-a9ff-4b6c-a28a-9b5ceeee3e7e,3,California
1c30375a-5b2d-4309-811d-19e6515a6f38,1,ENDORSEMENT AGREEMENT
1c30375a-5b2d-4309-811d-19e6515a6f38,2,"Bruce Jenner (""CELEBRITY""); The Right Solution (""COMPANY"")"
1c30375a-5b2d-4309-811d-19e6515a6f38,3,Nevada
a4ed41f1-34a2-4f0b-8921-34068cdef460,1,ENDORSEMENT AGREEMENT
a4ed41f1-34a2-4f0b-8921-34068cdef460,2,"Movado Group, Inc. (""Company""); Trustees of the Grinberg Family Trust (""Trust"")"
a4ed41f1-34a2-4f0b-8921-34068cdef460,3,New York
e615d4fa-cb1e-4a83-b792-703a13669715,1,ENDORSEMENT AGREEMENT
e615d4fa-cb1e-4a83-b792-703a13669715,2,"SPORT-HALEY, INC. (""Company""); __________ (""Professional"")"
e615d4fa-cb1e-4a83-b792-703a13669715,3,Colorado
7d7e4204-73e1-40b3-9a43-23128b88c6a8,1,"LICENSE, DEVELOPMENT AND COMMERCIALIZATION AGREEMENT"
7d7e4204-73e1-40b3-9a43-23128b88c6a8,2,"Array BioPharma Inc., (""Array""); Ono Pharmaceutical Co., Ltd. (""Ono""); (individually ""Party"", collectively ""Parties"")"
7d7e4204-73e1-40b3-9a43-23128b88c6a8,3,New York
c6c0ef8b-ad53-426d-b9e3-643579811e18,1,Collaborative Development and Commercialization Agreement
c6c0ef8b-ad53-426d-b9e3-643579811e18,2,"Microgenics Corporation (""Microgenics""); Achaogen Inc. (""Achaogen""); (individually ""Party"" and collectively ""Parties"")"
c6c0ef8b-ad53-426d-b9e3-643579811e18,3,Delaware
dcfd9b1f-01ea-441b-93d3-646469492fa9,1,DEVELOPMENT AGREEMENT
dcfd9b1f-01ea-441b-93d3-646469492fa9,2,"Leo Pharma A/S (""LEO""); Galen (Chemicals) Limited (""GALEN"")"
dcfd9b1f-01ea-441b-93d3-646469492fa9,3,New York
0d495480-b9f0-439a-8266-265461c27029,1,FRANCHISE AGREEMENT
0d495480-b9f0-439a-8266-265461c27029,2,"Homewood Suites Franchise LLC (""we,"" ""us,"" ""our"" or ""Franchisor""); Franchisee (""you,"" ""your"" or ""Franchisee"") (We and you may collectively be referred to as the ""Parties."")"
0d495480-b9f0-439a-8266-265461c27029,3,New York
58d689b4-a871-4ab8-ab9a-80f2de6e0fc0,1,FRANCHISE AGREEMENT
58d689b4-a871-4ab8-ab9a-80f2de6e0fc0,2,"Goosehead Insurance Agency, LLC (“we,” “us,” or “our""); (“you” or the “Franchisee"")"
58d689b4-a871-4ab8-ab9a-80f2de6e0fc0,3,Texas
82b734d9-1a2f-4f82-8a6e-7ade192d0454,1,"Franchise Agreement

Addendum to Lease Agreement"
82b734d9-1a2f-4f82-8a6e-7ade192d0454,2,"The Joint Corp (“we”, “us”, the “Company”, or “The Joint Corp.""); (“you,” “Franchise Owner,” or “Franchisee"")
 
 ________________________________________ (“you,” “Franchise Owner,” or “Franchisee)(if you are a partnership, corporation, or limited liability company, your “Principal Owners”)"
82b734d9-1a2f-4f82-8a6e-7ade192d0454,3,Arizona
a9d3250b-07eb-4813-9326-107e9f08b25a,1,SITE DEVELOPMENT AND HOSTING AGREEMENT (
a9d3250b-07eb-4813-9326-107e9f08b25a,2,"Hanover Direct, Inc. (""HDI""); The Deerskin Companies, Inc. (""Company"")"
a9d3250b-07eb-4813-9326-107e9f08b25a,3,New York
ae000203-307e-45f0-8ede-d801f46cd084,1,Co-Hosting Agreement
ae000203-307e-45f0-8ede-d801f46cd084,2,"NETWORKS ASSOCIATES, INC. (""NAI""); SOFTWARE.NET CORPORATION (""a.k.a. Beyond.com"" or ""Co-Host"")"
ae000203-307e-45f0-8ede-d801f46cd084,3,California
95d8c25a-36f4-4c9e-9500-b6f7effb5d51,1,VISP WEB SITE BUILDING AND HOSTING AGREEMENT
95d8c25a-36f4-4c9e-9500-b6f7effb5d51,2,"YourNetPlus.com, Inc. (""Provider""); Kingdom Connect, Inc. (""KCI"")"
95d8c25a-36f4-4c9e-9500-b6f7effb5d51,3,New York
74757887-06de-4e0e-8e61-1432cf681b45,1,License and Hosting Agreement
74757887-06de-4e0e-8e61-1432cf681b45,2,"Corio Inc. (""CORIO""); Commerce One, Inc. (""COMMERCE ONE"")"
74757887-06de-4e0e-8e61-1432cf681b45,3,California
4302ebc9-c7af-4793-9bb9-0c43ec8a0eda,1,WEB HOSTING AGREEMENT
4302ebc9-c7af-4793-9bb9-0c43ec8a0eda,2,Galacticomm; Horst Entertainment Inc
1061d655-d5ef-46c9-8fb1-14a4b446a05a,1,Software Hosting Agreement
1061d655-d5ef-46c9-8fb1-14a4b446a05a,2,"INKTOMI CORPORATION (""Inktomi""); MICROSOFT CORPORATION (""Microsoft"")"
1061d655-d5ef-46c9-8fb1-14a4b446a05a,3,Washington
a8afdd3a-1daa-4861-8ea6-f3817a2ad320,1,Manufacturing Agreement
a8afdd3a-1daa-4861-8ea6-f3817a2ad320,2,"Antares Pharma, Inc. (""Antares""); AMAG Pharmaceuticals, Inc. (""AMAG""); individually as ""Party"" and collectively as the ""Parties"""
a8afdd3a-1daa-4861-8ea6-f3817a2ad320,3,New York
249755e3-7f04-4a07-a722-8b10145a5109,1,Manufacturing and Supply Agreement
249755e3-7f04-4a07-a722-8b10145a5109,2,"Apollo Endosurgery (""APOLLO""); Establishment Labs, S.A (""ESTABLISHMENT""); Apollo and Establishment shall hereinafter be individually referred to as a ""Party"" and collectively as the ""Parties"""
249755e3-7f04-4a07-a722-8b10145a5109,3,Texas
b4d0f69d-8045-41cb-ab69-65dd4746b718,1,Master Development and Manufacturing Agreement
b4d0f69d-8045-41cb-ab69-65dd4746b718,2,"Magenta Therapeutics, Inc. (""Magenta""); Bachem Americas, Inc. (""Bachem"") (individually as a “Party” or collectively as the “Parties”)"
b4d0f69d-8045-41cb-ab69-65dd4746b718,3,New York
8d1db7b8-c14a-4a90-9580-4afc20db09d2,1,Manufacturing Agreement
8d1db7b8-c14a-4a90-9580-4afc20db09d2,2,"Sonos, Inc. (""Sonos""); Inventec Appliances Corporation (""IAC"")"
8d1db7b8-c14a-4a90-9580-4afc20db09d2,3,California
4e1bf73b-1087-459b-9a5b-056a02cc8eef,1,Manufacturing and Supply Agreement
4e1bf73b-1087-459b-9a5b-056a02cc8eef,2,"VAPOTHERM, INC (""Vapotherm""); MEDICA S.p.A. (""Medica"")"
4e1bf73b-1087-459b-9a5b-056a02cc8eef,3,New York
01638dde-31ce-456a-bfba-c50502163451,1,Unconditional Capital Maintenance Agreement
01638dde-31ce-456a-bfba-c50502163451,2,"American International Group, Inc. (""AIG""); American General Life Insurance Company (""Company"")"
01638dde-31ce-456a-bfba-c50502163451,3,New York
e52b8b80-6a04-40b1-bed6-84232be1740f,1,OPERATIONS AND MAINTENANCE AGREEMENT
e52b8b80-6a04-40b1-bed6-84232be1740f,2,"Solar Tax Partners 1, LLC (""Owner""); Solar Power, Inc. (""Service Provider""); (Owner and Service Provider are sometimes hereinafter referred to individually as a “Party” and collectively as  the “Parties"")"
e52b8b80-6a04-40b1-bed6-84232be1740f,3,California
9a5eb2ce-f5b7-4f1b-ab25-166dc231216a,1,CONSTRUCTION AND MAINTENANCE AGREEMENT
9a5eb2ce-f5b7-4f1b-ab25-166dc231216a,2,"ABS Telecom plc; AT&T Corp.; BARAK I.T.C; BC TEL; Belgacom S.A.; BellSouth International, Inc.; British Telecommunications pIc; Cable & Wireless Global Network Organisation Limited; Cable & Wireless, Inc.; Carrier 1 AG; COMPANHIA PORTUGUESA RADIO MARCONI, SA.; Com Tech International Corporation; CYPRUS TELECOMMUNICATIONS AUTHORITY; Deutsche Telekom AG; Energis Communications Limited; Emirates Telecommunications Corporation - ETISALAT; France Telecom; GTE Intelligent Network Services Incorporated; Hellenic Telecommunications Organisation S.A.; IXC Communications, Inc.; IXNET Limited; Japan Telecom Co., Ltd.; Kokusai Denshin Denwa Americas Inc.; KPN Telecom B.V; MCI International Inc.; NTT Worldwide Network Corporation; OY FINNET International AB; Pacific Gateway Exchange; Pacific Gateway Exchange Inc.; Rostelecom; RSL Communications Limited; Singapore Telecommunications Limited; Slovenske Telecomunicatie s.e.; Sonera Ltd.; Sprint Communications Company L.P. ; STAR Telecommunications Inc.; StarHub; STARTEC GLOBAL COMMUNICATIONS CORPORATION; Swisscom Ltd; Swisscom North America Inc.; Tele 2 AB; TeleBermuda International Limited; Tele Danmark A/S; Telef6nica de Espana, S.A.; Teleglobe USA; Telenor Global Services AS; Telesur; TELIA AB (publ); Telia North America Inc.; Transoceanic Communications Incorporated; Turk Telekomunikasyon A.S.; Ultrallne (Bermuda) Limited; VIATEL; Videsh Sanchar Nigam Limited 
(hereinafter  collectively  called  ""Parties""  and  individually  called ""Party"")"
9a5eb2ce-f5b7-4f1b-ab25-166dc231216a,3,Switzerland
645b766c-5e15-4f0a-9d1e-2a043c0ca792,1,MAINTENANCE AGREEMENT
645b766c-5e15-4f0a-9d1e-2a043c0ca792,2,"THAYER EQUITY INVESTORS IV, L.P. (""Investor""); U.S. Bank National ASSOCIATION (together with its successors and assigns in such capacity, the ""Agent""); (Investor and Agent collectively and together with their respective successors and assigns, the ""Lenders""); SUNTRON CORPORATION; K*TEC OPERATING CORP., SUNCTRON GCO L.P.; EFTC OPERATING CORP.; SUNTRON-IOWA, INC.; CURRENT ELECTRONICS, INC.; RM ELECTRONICS, INC.; SUNTRON-KANSAS, INC. (collectively, the ""Borrowers"")"
645b766c-5e15-4f0a-9d1e-2a043c0ca792,3,Minnesota
5ca772ce-7098-4f0e-ad3a-fcf7d191003f,1,Software license and maintenance agreement
5ca772ce-7098-4f0e-ad3a-fcf7d191003f,2,"D2 Technologies, Inc. (""D2""); Summa Four Inc. (""LICENSEE"")"
5ca772ce-7098-4f0e-ad3a-fcf7d191003f,3,New York
12af6717-1cfb-4102-9dae-24ecf333fb8f,1,ASIA PACIFIC CABLE NETWORK 2 CONSTRUCTION & MAINTENANCE AGREEMENT
12af6717-1cfb-4102-9dae-24ecf333fb8f,2,"Advantage Telecommunications Ltd.; Cable & Wireless Global Network Limited; Cable & Wireless HKT international Limited; China Telecom; China United Telecommunications Corporation; Chunghwa Telecom Co., Ltd.,; Concert Global Network Services, Ltd.; Global One Communications Network, Inc.; Japan Telecom Co., Ltd.; KDD Corporation; Korea Telecom; KPN Telecom B.V.; Layer 2 Communications Group Ltd.; MCI International Telecommunications. Inc.; Metromedia Fiber Network Services, Inc.; New Century InfoComm Ltd., Preparatory Office; NTT Communications Corporation; Onelink Cable Network Limited; Philippine Long Distance Telephone Company; Singapore Telecommunications Limited; StarHub Pte Ltd; Taiwan Fixed Network Co., Ltd. Preparatory Office; Teleglobe USA Inc.; Telekom Malaysia Berhad (128740-P); Telstra Global Networks Limited; Williams Communications, Inc.,; APT Satellite Telecommunications Limited; Bayan Telecommunications, Inc.; China Netcom Corporation Ltd.; The Communications Authority of Thailand; CTI International Limited; Dacom Corporation; edge2net Inc.; Eastern Telecommunications Philippines, Incorporated; Global Access Ltd.; Globe Telecom, Inc.; GNG Networks. Inc.; GTE Intelligent Network Service Incorporated; PT Indosat (Persero) Tbk; Maxis International Sdn. Bhd; New World Telephone Limited; NTT Com Asia Ltd.;Onse Telecom Corporation; Telia AB (publ); TT dotCom Sdn Bhd; (hereinafter collectively called “Parties” and individually called “Party”)"
38526a51-a57a-488f-944d-48b18f244c23,1,Amended and Restated Unconditional Capital Maintenance Agreement
38526a51-a57a-488f-944d-48b18f244c23,2,"American International Group, Inc. (""AIG""); American General Life Insurance Company (""Company"")"
38526a51-a57a-488f-944d-48b18f244c23,3,New York
97740f71-d191-4b61-905b-881abf1cfea1,1,Maintenance and Support Agreement
97740f71-d191-4b61-905b-881abf1cfea1,2,"VerticalNet,Inc (""VNI""); Vertical Enterprises LLC formerly known as Tradeum, Inc. which d/b/a VerticalNet Solutions (""VNE""; collectively with VNI, ""VERT""); Converge, Inc.(""Coverage"")"
97740f71-d191-4b61-905b-881abf1cfea1,3,Pennsylvania
2b4880c4-f169-41f9-b1ed-0d805ca7f396,1,FIRST AMENDMENT TO SAGEBRUSH MANAGEMENT AND MAINTENANCE AGREEMENT
2b4880c4-f169-41f9-b1ed-0d805ca7f396,2,"Sagebrush (""Partnership""); Sagebrush partners (""Partners""); ToyoWest Management Inc. (""Manager"")"
cc133815-5881-4553-8aa3-076e5aec3fd7,1,ORDERLY MARKETING AGREEMENT
cc133815-5881-4553-8aa3-076e5aec3fd7,2,"GWG Holdings, Inc. (""GWG""); Trust Advisors to the Seller Trusts (""Trust Advisors""); GWG and Trust Advisors (each a  “Party” and collectively as the “Parties”)"
cc133815-5881-4553-8aa3-076e5aec3fd7,3,New York
0a9d7f2a-90b1-4b55-a7f1-d04430709253,1,SECOND AMENDED AND RESTATED EXCLUSIVE AGENCY AND MARKETING AGREEMENT
0a9d7f2a-90b1-4b55-a7f1-d04430709253,2,"Monsanto Company (""Monsanto""); The Scotts Company LLC (""The Scotts Company"",""Agent"")"
0a9d7f2a-90b1-4b55-a7f1-d04430709253,3,Delaware
21ba8e1b-cd3e-4426-b879-663dc23a0376,1,JOINT DEVELOPMENT AND MARKETING AGREEMENT
21ba8e1b-cd3e-4426-b879-663dc23a0376,2,"LECLANCHÉ S.A. (""Leclanché""); OAK RIDGE ENERGY TECHNOLOGIES INC (""Oak Ridge""); (each a ""Party""” and together ""Parties"")"
21ba8e1b-cd3e-4426-b879-663dc23a0376,3,Switzerland
df800478-57a0-46e7-a4a6-b0b812e61610,1,Remarketing Agreement
df800478-57a0-46e7-a4a6-b0b812e61610,2,"MetLife, Inc. (""Company""); Deutsche Bank Securities Inc. (""Deutsche Bank”, ""Remarketing Agents""); Deutsche Bank Trust Company America (""Stock Purchase Contract Agent"")"
df800478-57a0-46e7-a4a6-b0b812e61610,3,New York
78ffd314-703b-4551-bf43-fe252899de1e,1,STRATEGIC SALES & MARKETING AGREEMENT
78ffd314-703b-4551-bf43-fe252899de1e,2,"SightLife Surgical, Inc. (“Surgical”); Imprimis Pharmaceuticals, Inc. (“Imprimis”)"
78ffd314-703b-4551-bf43-fe252899de1e,3,California
abeda910-930d-4da6-9142-3d078616b24d,1,"MANUFACTURING, DESIGN AND MARKETING AGREEMENT (t"
abeda910-930d-4da6-9142-3d078616b24d,2,"Zounds Hearing, Inc. (""Subcontractor”); InnerScope Hearing Technologies, Inc. (""Manufacturer); Subcontractor and Manufacturer (individually as “Party” or collectively as the “Parties"")"
abeda910-930d-4da6-9142-3d078616b24d,3,Arizona
a805a4de-474c-4e2f-9be6-c4ebde1916e9,1,Sponsorship Agreement
a805a4de-474c-4e2f-9be6-c4ebde1916e9,2,"National Processing Company, (""NPC""); National City Bank of Kentucky, (""NCB"")"
a805a4de-474c-4e2f-9be6-c4ebde1916e9,3,Kentucky
02a13263-fce3-4be2-87ee-64f2ef448920,1,SPONSORSHIP AGREEMENT
02a13263-fce3-4be2-87ee-64f2ef448920,2,"SABCO RACING, INC. (""Sabco""); Prolong Super Lubricants (""Prolong"")"
02a13263-fce3-4be2-87ee-64f2ef448920,3,North Carolina
dcae9123-23f5-46e7-9089-12fa9aaf317a,1,SPONSORSHIP AGREEMENT
dcae9123-23f5-46e7-9089-12fa9aaf317a,2,"HEALTHCARE CAPITAL CORP. (""Issue""); C.M. OLIVER & COMPANY LIMITED (""Sponsor"")"
dcae9123-23f5-46e7-9089-12fa9aaf317a,3,"British Columbia,Canada"
5896d6d2-9550-4e53-84b6-3b8406c10ece,1,SPONSORSHIP AGREEMENT
5896d6d2-9550-4e53-84b6-3b8406c10ece,2,SAN DIEGO BALLPARK FUNDING LLC; Rubio's Fresh Mexican Grill
5896d6d2-9550-4e53-84b6-3b8406c10ece,3,California
a323cb4a-73fc-4db6-94c3-bf4cc00167f2,1,SPONSORSHIP AGREEMENT
a323cb4a-73fc-4db6-94c3-bf4cc00167f2,2,"ANTHEMIC, LLC (""ANTHEMIC""); VNUE INC (the ""Sponsor"")"
a323cb4a-73fc-4db6-94c3-bf4cc00167f2,3,California
1bd5d291-9172-442b-9bf5-bb5b078d76fc,1,Reseller Agreement
1bd5d291-9172-442b-9bf5-bb5b078d76fc,2,"PivX Corporation (""PivX""); Detto Technologies (""Detto"")"
1bd5d291-9172-442b-9bf5-bb5b078d76fc,3,California
cfb6c02a-9f47-40e4-b500-c091e2d7fee0,1,RESELLER AGREEMENT
cfb6c02a-9f47-40e4-b500-c091e2d7fee0,2,"Diversinet Corp. (""Diversinet""); 2205925 Ontario Limited (the ""Reseller"")"
cfb6c02a-9f47-40e4-b500-c091e2d7fee0,3,"Ontario, Canada"
8a674976-3b60-4df8-817f-2a5871a9f884,1,MASTER SUPPLY AGREEMENT
8a674976-3b60-4df8-817f-2a5871a9f884,2,"Premier Nutrition Company, LLC, (""Buyer"" or ""PNC""); Fonterra (USA) Inc., (""Supplier"" or ""Fonterra""); (each ""Party"", collectively ""Parties"")"
8a674976-3b60-4df8-817f-2a5871a9f884,3,Delaware
936e3f5f-0641-4d80-9756-5179888e2b7d,1,Supply Agreement
936e3f5f-0641-4d80-9756-5179888e2b7d,2,"Cutanea Life Sciences, Inc. (""CUTANEA""); Ferrer Internacional, S.A. (""Ferrer"")(""Supplier""); (together ""Parties"")"
936e3f5f-0641-4d80-9756-5179888e2b7d,3,New York
0e9da556-7fef-4d0f-b826-b802b6c75f8a,1,SUPPLY AGREEMENT
0e9da556-7fef-4d0f-b826-b802b6c75f8a,2,"Centre for Probe Development and Commercialization (""CPDC""); FUSION Pharmaceuticals Inc. (""FUSION""); (together ""Parties"", each a ""Party"")"
7744b639-c98f-4f60-a6d9-46b740b68234,1,First Amendment
7744b639-c98f-4f60-a6d9-46b740b68234,2,"Cargill, Incorporated (“Cargill”); BioAmber S.A.S. (“BioAmber”)"
184ae045-b8e2-4b50-8921-d9e62bbdd851,1,"ELECTRONIC JOURNAL SOFT WARE DEVELOPMENT,                         HOSTING AND MANAGEMENT AGREEMENT"
184ae045-b8e2-4b50-8921-d9e62bbdd851,2,"HealthGate Data Corp. (""HealthGate""); Blackwell Science Limited (""Blackwell""); Munksgaard A/S (""Munskgaard""); together, Blackwell and Munksgaard shall be referred to as ""the Publishers"")"
184ae045-b8e2-4b50-8921-d9e62bbdd851,3,England; Wales
ca900a8a-e76d-453d-a97e-ad393c9f7a86,1,DISTRIBUTOR AGREEMENT
ca900a8a-e76d-453d-a97e-ad393c9f7a86,2,"Ingram Micro (""Distributor""); NETGEAR, Inc. (""NETGEAR"")"
ca900a8a-e76d-453d-a97e-ad393c9f7a86,3,California
a528cbc3-5ed5-4360-8945-4beec668c30b,1,Endorsement Agreement
a528cbc3-5ed5-4360-8945-4beec668c30b,2,"SQUARE TWO GOLF INC. (""Company""); KATHY WHITWORTH (""Professional"")"
a528cbc3-5ed5-4360-8945-4beec668c30b,3,New Jersey
02f02835-8cd7-4351-95a6-c6907852ce27,1,Intellectual Property Rights                 Confidentiality and Non-Use Obligations Agreement
02f02835-8cd7-4351-95a6-c6907852ce27,2,"SQUARE TWO GOLF INC. (""Company""); KATHY WHITWORTH (""Professional"")"
820fd909-9c0f-4463-b757-1d98c4da62be,1,EXHIBIT ‘B’
820fd909-9c0f-4463-b757-1d98c4da62be,2,"Kubient, Inc. (""Kubient""); The Associated Press (""Customer"")"
094482d3-1d42-4888-af5c-544544952005,1,Master Services Agreement
094482d3-1d42-4888-af5c-544544952005,2,"Kubient Inc. (""Kubient""); The Associated Press (the ""Customer"")(individually as a ""Party"" and collectively as the ""Parties"")"
094482d3-1d42-4888-af5c-544544952005,3,Delaware
